-- phpMyAdmin SQL Dump
-- version 4.0.9
-- http://www.phpmyadmin.net
--
-- Máquina: 127.0.0.1
-- Data de Criação: 16-Fev-2014 às 17:27
-- Versão do servidor: 5.6.14
-- versão do PHP: 5.5.6

SET SQL_MODE = "NO_AUTO_VALUE_ON_ZERO";
SET time_zone = "+00:00";


/*!40101 SET @OLD_CHARACTER_SET_CLIENT=@@CHARACTER_SET_CLIENT */;
/*!40101 SET @OLD_CHARACTER_SET_RESULTS=@@CHARACTER_SET_RESULTS */;
/*!40101 SET @OLD_COLLATION_CONNECTION=@@COLLATION_CONNECTION */;
/*!40101 SET NAMES utf8 */;

--
-- Base de Dados: `passanderia`
--

-- --------------------------------------------------------

--
-- Estrutura da tabela `clientes`
--

CREATE TABLE IF NOT EXISTS `clientes` (
  `id` int(11) NOT NULL AUTO_INCREMENT,
  `nome` varchar(100) NOT NULL,
  `endereco` varchar(150) NOT NULL,
  `bairro` varchar(80) NOT NULL,
  `telefone` varchar(15) NOT NULL,
  `celular` varchar(15) DEFAULT NULL,
  `created` date DEFAULT NULL,
  `modified` date DEFAULT NULL,
  `saldo` decimal(10,2) NOT NULL DEFAULT '0.00',
  PRIMARY KEY (`id`)
) ENGINE=InnoDB  DEFAULT CHARSET=utf8 AUTO_INCREMENT=79 ;

--
-- Extraindo dados da tabela `clientes`
--

INSERT INTO `clientes` (`id`, `nome`, `endereco`, `bairro`, `telefone`, `celular`, `created`, `modified`, `saldo`) VALUES
(1, 'ADRIANO/LUCIANA', 'rua', 'aep', '(00) 0000-0000', '', '2013-10-20', '2014-02-03', '-27.00'),
(2, 'CLAUDIA', 'Rua CARLOS BOTELHO 33', 'ABC', '(13) 0000-0000', '', '2013-10-20', '2014-02-13', '0.00'),
(3, 'CRISTINA', 'Cond. Ilhas Gregas', 'ABC', '(00) 0000-0000', '', '2013-10-20', '2014-01-10', '0.00'),
(4, 'ESTELA', 'R. JOSE BONIFACIO 1175 BL. D AP. 72', 'ALTANEIRA', '(14) 3432-4646', '(14) 9722-076', '2013-10-20', '2014-01-30', '0.00'),
(6, 'FATIMA', 'RUA VENANCIO DE SOUZA 498', 'AEROPORTO', '(14) 3433-5115', '(14) 8130-3489', '2013-10-20', '2014-02-12', '-35.00'),
(7, 'JACIRA(cecap)', 'Rua', 'ABC', '(99) 9999-9999', '', '2013-10-20', '2014-01-20', '0.00'),
(8, 'EDSON', 'Rua', 'ABC', '(00) 0000-0000', '', '2013-10-20', '2014-02-03', '2.00'),
(9, 'DARTI', 'Rua', 'ABC', '(00) 0000-0000', '', '2013-10-20', '2014-02-13', '0.00'),
(10, 'ADRIANA (FARMACIA)', 'CHACARA', 'AEROPORTO', '(14) 3433-1214', '(14) 9962-6903', '2013-10-20', '2014-02-12', '0.00'),
(11, 'ANTONIA', 'R. FCO. JOSE CAPELINE', 'AEROPORTO', '(14) 3432-1105', '', '2013-10-20', '2014-01-24', '0.00'),
(12, 'BERENICE', 'RUA BANDEIRANTES - ED. JOÃO PAULO', 'CENTRO', '(14) 3433-2305', '', '2013-10-20', '2013-10-20', '0.00'),
(13, 'BETH', 'RUA GABRIEL LOPES GONÇALVES 295', 'MARIA ISABEL', '(14) 3413-4548', '', '2013-10-20', '2014-01-16', '0.00'),
(14, 'CRISTIANE', 'R GUILHERME MASTROFRANCISCO 75', 'ESMERALDA', '(14) 3414-1452', '(14) 9960-7278', '2013-10-20', '2014-02-03', '0.00'),
(15, 'DAYANE /EDUARDO', 'RUA JOSE COSTA OLIVEIRA 147', 'COLIBRI', '(14) 3453-1553', '', '2013-10-20', '2014-01-20', '0.00'),
(16, 'DEBORA / ORCISA', 'rua', 'AEROPORTO', '(14) 3413-5663', '', '2013-10-20', '2014-01-30', '0.00'),
(17, 'DEIA', 'RUA', 'AEROPORTO', '(14) 3413-4395', '(14) 98156-7533', '2013-10-20', '2014-01-14', '0.00'),
(18, 'EDILENE', 'RUA INES CINTRA', 'STA. GERTRUDES', '(14) 3432-1560', '(14) 03413-6185', '2013-10-20', '2014-02-13', '0.00'),
(19, 'FERNANDA', 'VILA FLORA', 'CASA 41', '(14) 3422-1610', '(14) 98129-8610', '2013-10-20', '2013-10-20', '0.00'),
(20, 'GEORGEA', 'R. JOSE FREIRE SOBRINHO 543', 'AEROPORTO', '(14) 3454-4785', '(14) 99735-9900', '2013-10-20', '2014-01-20', '0.00'),
(21, 'HELOISA (PARQUINHO)', 'RUA', 'MARIA ISABEL', '(14) 3433-0925', '(14) 03454-9241', '2013-10-20', '2014-02-12', '0.00'),
(22, 'INES PAVAN', 'RUA', 'AEROPORTO', '(14) 3422-1894', '', '2013-10-20', '2014-01-14', '0.00'),
(23, 'JANDIRA', 'R. ANDRE MARTINS PARRA 91', 'COLIBRI', '(14) 3433-9107', '', '2013-10-20', '2014-02-12', '0.00'),
(24, 'JULIANO / RENATA', 'RUA', 'AEROPORTO', '(14) 3221-6469', '', '2013-10-20', '2014-02-03', '2.00'),
(25, 'MARA (Cond. Village)', 'CASA 52', 'AEROPORTO', '(14) 3433-9076', '', '2013-10-20', '2013-10-21', '0.00'),
(26, 'MARCELA (VIZINHA)', 'R. JOSE COSTA OLIVEIRA 11', 'COLIBRI', '(14) 8164-3281', '(14) 98164-3281', '2013-10-20', '2014-01-24', '0.00'),
(27, 'MARIA CLAUDIA ', 'R. GABRIEL MONTEIRO DA SILVA 153', 'FRAGATA', '(14) 3451-1851', '', '2013-10-20', '2014-01-30', '75.00'),
(28, 'MARIA DULCE', 'COND. VIVER BOSQUE CASA 33', 'AEROPORTO', '(14) 3221-4250', '(14) 99148-4029', '2013-10-20', '2014-02-12', '0.00'),
(29, 'NEUSA', 'COND. GARDEN', 'CASA 78', '(14) 3414-1472', '(14) 99607-2786', '2013-10-20', '2014-01-22', '0.00'),
(30, 'OSMARINA', 'CHACARA', 'AEROPORTO', '(14) 3454-4538', '', '2013-10-20', '2014-01-14', '0.00'),
(31, 'PATRICIA', 'COND. COLIBRI CASA 9', 'COLIBRI', '(14) 3432-4626', '', '2013-10-20', '2014-01-22', '0.00'),
(32, 'RENATA (CARMELITA)', 'R. OLECIO DLVEDOVE', 'JDIM. LUCIANA', '(14) 3422-2287', '(14) 03413-4459', '2013-10-20', '2013-10-20', '0.00'),
(33, 'ROSA (V.FLORA)', 'COND. VILA FLORA CASA 139', 'COLIBRI', '(14) 3306-4871', '', '2013-10-20', '2014-01-24', '0.00'),
(34, 'ROSANA GIOLO', 'RUA TUPINAMBAS 207', 'AEROPORTO', '(14) 3413-5183', '', '2013-10-20', '2014-01-07', '0.00'),
(35, 'SILVANA / LUIS', 'RUA', 'AEROPORTO', '(14) 3422-5513', '', '2013-10-20', '2014-02-13', '0.00'),
(36, 'SONIA (7 SETEMBRO)', 'RUA SETE DE SETEMBRO', 'CENTRO', '(14) 3433-1165', '', '2013-10-20', '2014-01-22', '0.00'),
(37, 'VANESSA (CORRETA)', 'RUA FCO. JOSE CAPELINE', 'AEROPORTO', '(14) 3432-4000', '(14) 9960-3800', '2013-10-20', '2014-01-30', '0.00'),
(38, 'ZILDA Dra.', 'COND ESMERALDA', 'ESMERALDA', '(14) 3433-2040', '(14) 9978-4487', '2013-10-20', '2014-02-03', '0.00'),
(39, 'LENA CALANDRIN', 'RUA WADHI BUTARA', 'SÃO DOMINGOS', '(14) 0000-0000', '', '2013-10-22', '2014-01-07', '0.00'),
(40, 'ROSANA (V. FLORA)', 'V. FLORA', 'COLIBRI', '(14) 0000-0000', '', '2013-10-23', '2014-02-03', '0.00'),
(41, 'ROSANA (GARDEN)', 'CASA 175', 'GARDEN', '(00) 0000-0000', '', '2013-10-23', '2013-10-23', '0.00'),
(42, 'SANDRA (GARDEN)', 'CASA 174', 'GARDEN', '(00) 0000-0000', '', '2013-10-23', '2014-01-20', '0.00'),
(43, 'KEITH', 'RUA INES CINTRA 509', 'Sta. Gertrudes ', '(14) 3316-1526', '', '2013-10-28', '2014-01-22', '0.00'),
(44, 'RITA', 'RUA TUFIC BUTARA 639', 'S. Domingos', '(00) 0000-0000', '', '2013-10-29', '2013-10-29', '0.00'),
(45, 'SANDRO', 'RUA A', 'AEROPORTO', '(00) 0000-0000', '', '2013-10-29', '2014-01-30', '0.00'),
(46, 'MARCELO (Columbano)', 'Rua Columbano', 'COLIBRI', '(00) 0000-0000', '', '2013-10-30', '2013-10-30', '0.00'),
(47, 'ADILA', 'Rua A', 'Novo Horizonte', '(00) 0000-0000', '', '2013-10-30', '2014-01-05', '0.00'),
(48, 'GETULIO', 'Rua A', 'Bairro', '(00) 0000-0000', '', '2013-10-30', '2014-01-30', '0.00'),
(49, 'SIMONE', 'RUA', 'BAIRRO', '(00) 0000-0000', '', '2013-11-04', '2013-11-04', '0.00'),
(50, 'RAQUEL', 'R. Cap. Heraclides', 'COLIBRI', '(00) 0000-0000', '(00) 00000-0000', '2013-11-04', '2014-01-30', '0.00'),
(51, 'SUELI', 'R. Venancio de Souza', 'AEROPORTO', '(00) 0000-0000', '', '2013-11-05', '2014-01-30', '0.00'),
(52, 'MARCIO', 'R. Shinji Kuroki', 'COLIBRI', '(00) 0000-0000', '', '2013-11-05', '2014-02-03', '0.00'),
(53, 'GISELE', 'Rua Segipe 956', 'YARA', '(14) 3454-4140', '(14) 99761-7166', '2013-11-06', '2013-11-06', '0.00'),
(54, 'NINA (Renata)', 'Rua Amazonas', 'Centro', '(00) 0000-0000', '(00) 00000-0000', '2013-11-07', '2014-01-20', '0.00'),
(55, 'ALESSANDRA DAMASCENO', 'Rua Daher Audi 42', 'STA. GERTRUDES', '(00) 0000-0000', '', '2013-11-12', '2013-11-12', '0.00'),
(56, 'RODOLFO', 'R. JOSE FREIRE SOBRINHO 562', 'AEROPORTO', '(14) 3422-5699', '(14) 99784-5458', '2013-11-12', '2014-01-04', '0.00'),
(57, 'CELIA', 'Rua Tapajos', 'AEROPORTO', '(00) 0000-0000', '', '2013-11-13', '2014-02-12', '0.00'),
(58, 'VERA LUCIA KATO', 'Rua A', 'AEROPORTO', '(00) 0000-0000', '', '2013-11-14', '2014-01-05', '0.00'),
(59, 'FLAVIA', 'COND. VILLAGE CASA 55', 'AEROPORTO', '(14) 3422-2048', '', '2014-01-07', '2014-01-08', '0.00'),
(60, 'MARIELCE', 'COND. GARDEN CASA 166 G', 'AEROPORTO', '(14) 3432-2399', '(14) 99714-0642', '2014-01-07', '2014-01-07', '0.00'),
(61, 'LEANDRO', 'AV EDUARDO GOMES 4104', 'AEROPORTO', '(00) 0000-0000', '(14) 99785-0004', '2014-01-07', '2014-01-08', '0.00'),
(62, 'MARLENE', 'CEL GALDINO', 'ED RIVIERA AP 102', '(14) 3432-1302', '', '2014-01-07', '2014-01-24', '0.00'),
(63, 'VALERIA', 'COND. VILLAGE CASA 1', 'AEROPORTO', '(00) 0000-0000', '', '2014-01-07', '2014-02-12', '0.00'),
(64, 'WANDA', 'RUA TUPINAMBAS', 'AEROPORTO', '(00) 0000-0000', '', '2014-01-07', '2014-02-03', '0.00'),
(65, 'HELOISA (PORTAL DOS NOBRES)', 'AV ESMERALDAS', 'ESMERALDAS', '(00) 0000-0000', '(00) 00000-0000', '2014-01-07', '2014-02-13', '0.00'),
(66, 'MARIZA (V. FLORA)', 'COND VILA FLORA CASA 17', 'AEROPORTO', '(14) 3417-4033', '', '2014-01-08', '2014-01-30', '0.00'),
(67, 'HELOISA (V. FLORA)', 'VILA FLIORA CASA 99', 'AEROPORTO', '(00) 0000-0000', '', '2014-01-09', '2014-02-12', '0.00'),
(68, 'JACIRA (COND. COLIBRI)', 'COND. COLIBRI CASA 30', 'COLIBRI', '(00) 0000-0000', '(14) 9965-6158', '2014-01-14', '2014-01-30', '0.00'),
(69, 'REGINA', 'COND. VILLAGE CASA 12', 'AEROPORTO', '(14) 3454-3755', '(14) 99695-5888', '2014-01-14', '2014-01-16', '0.00'),
(70, 'MAISA', 'R. AUGUSTO BARRETO 380', 'M. ISABEL', '(14) 3306-7800', '(14) 99631-2099', '2014-01-15', '2014-01-22', '0.00'),
(71, 'ANA LUIZA (P. SERRA)', 'PORTAL DA SERRA', 'AEROPORTO', '(00) 0000-0000', '(00) 00000-0000', '2014-01-20', '2014-02-12', '0.00'),
(72, 'MARCELO / ELIANA ', 'COND. VILA FLORA', 'AEROPORTO', '(00) 0000-0000', '', '2014-01-20', '2014-01-24', '0.00'),
(73, 'MARIA LUIZA (N. SPIELMAN)', 'ED. FLANBOYANT AP 54', 'CENTRO', '(00) 0000-0000', '(14) 98125-3040', '2014-01-24', '2014-01-24', '0.00'),
(74, 'LETICIA', 'AV ANTONIO BORELA 442', 'AEROPORTO', '(14) 3301-0677', '(14) 99141-6677', '2014-01-24', '2014-01-30', '0.00'),
(75, 'LUIZA (NELSON SPIELMAN)', 'AV NELSON SPIELMAN', 'CENTRO', '(00) 0000-0000', '', '2014-01-30', '2014-01-30', '0.00'),
(76, 'MARINES (HERBALIFE)', 'RRR', 'RRRR', '(00) 0000-0000', '', '2014-01-30', '2014-01-30', '0.00'),
(77, 'LEDA', 'RUA INES CINTRA', 'AEROPORTO', '(00) 0000-0000', '', '2014-02-12', '2014-02-12', '0.00'),
(78, 'LUCIA (DIARIO)', 'R. AMERICO VESPUCIO', 'AEROPORTO', '(00) 0000-0000', '', '2014-02-13', '2014-02-13', '0.00');

-- --------------------------------------------------------

--
-- Estrutura da tabela `pagamentos`
--

CREATE TABLE IF NOT EXISTS `pagamentos` (
  `id` int(11) NOT NULL AUTO_INCREMENT,
  `valor` decimal(10,2) NOT NULL,
  `comentarios` text,
  `created` date NOT NULL,
  `modified` date DEFAULT NULL,
  `servico_id` int(11) NOT NULL,
  PRIMARY KEY (`id`),
  KEY `servico_id` (`servico_id`)
) ENGINE=InnoDB  DEFAULT CHARSET=utf8 AUTO_INCREMENT=133 ;

--
-- Extraindo dados da tabela `pagamentos`
--

INSERT INTO `pagamentos` (`id`, `valor`, `comentarios`, `created`, `modified`, `servico_id`) VALUES
(1, '57.00', '', '2014-01-06', '2014-01-06', 1),
(2, '17.00', '', '2014-01-06', '2014-01-06', 2),
(3, '27.00', '', '2014-01-06', '2014-01-06', 3),
(4, '26.00', '', '2014-01-06', '2014-01-06', 4),
(5, '22.00', '', '2014-01-06', '2014-01-06', 5),
(6, '108.00', '', '2014-01-06', '2014-01-06', 6),
(7, '59.00', '', '2014-01-07', '2014-01-07', 10),
(8, '65.00', '', '2014-01-07', '2014-01-07', 11),
(9, '41.00', '', '2014-01-07', '2014-01-07', 12),
(10, '35.00', '', '2014-01-07', '2014-01-07', 13),
(11, '90.00', '', '2014-01-07', '2014-01-07', 14),
(12, '100.00', '', '2014-01-07', '2014-01-07', 30),
(13, '100.00', '', '2014-01-07', '2014-01-07', 17),
(14, '65.00', '', '2014-01-07', '2014-01-07', 15),
(15, '11.00', '', '2014-01-07', '2014-01-07', 33),
(16, '50.00', '', '2014-01-07', '2014-01-07', 24),
(17, '33.00', '', '2014-01-07', '2014-01-07', 25),
(18, '42.00', '', '2014-01-08', '2014-01-08', 21),
(19, '28.00', '', '2014-01-08', '2014-01-08', 16),
(20, '21.00', '', '2014-01-08', '2014-01-08', 20),
(21, '110.00', '', '2014-01-08', '2014-01-08', 9),
(22, '50.00', '', '2014-01-08', '2014-01-08', 35),
(23, '32.00', '', '2014-01-08', '2014-01-08', 28),
(24, '50.00', '', '2014-01-09', '2014-01-09', 26),
(25, '40.00', '', '2014-01-09', '2014-01-09', 22),
(26, '15.00', '', '2014-01-09', '2014-01-09', 40),
(27, '55.00', '', '2014-01-09', '2014-01-09', 29),
(28, '52.00', '', '2014-01-09', '2014-01-09', 8),
(29, '110.00', '', '2014-01-10', '2014-01-10', 23),
(30, '100.00', '', '2014-01-10', '2014-01-10', 7),
(31, '35.00', '', '2014-01-10', '2014-01-10', 19),
(32, '25.00', '', '2014-01-10', '2014-01-10', 31),
(33, '60.00', '', '2014-01-10', '2014-01-10', 18),
(34, '25.00', '', '2014-01-10', '2014-01-10', 34),
(35, '18.00', '', '2014-01-10', '2014-01-10', 38),
(36, '31.00', '', '2014-01-10', '2014-01-10', 32),
(37, '36.00', '', '2014-01-11', '2014-01-11', 39),
(38, '15.00', '', '2014-01-14', '2014-01-14', 27),
(39, '28.00', '', '2014-01-14', '2014-01-14', 36),
(40, '17.00', '', '2014-01-14', '2014-01-14', 42),
(41, '35.00', '', '2014-01-14', '2014-01-14', 43),
(42, '34.00', '', '2014-01-14', '2014-01-14', 44),
(43, '52.00', '', '2014-01-14', '2014-01-14', 45),
(44, '50.00', '', '2014-01-14', '2014-01-14', 46),
(45, '22.00', '', '2014-01-14', '2014-01-14', 47),
(46, '41.00', '', '2014-01-15', '2014-01-15', 58),
(47, '82.00', '', '2014-01-15', '2014-01-15', 59),
(48, '140.00', '', '2014-01-16', '2014-01-16', 55),
(49, '41.00', '', '2014-01-16', '2014-01-16', 56),
(50, '40.00', '', '2014-01-16', '2014-01-16', 65),
(51, '110.00', '', '2014-01-20', '2014-01-20', 52),
(52, '26.00', '', '2014-01-20', '2014-01-20', 72),
(53, '95.00', '', '2014-01-20', '2014-01-20', 57),
(54, '27.00', '', '2014-01-20', '2014-01-20', 51),
(55, '14.00', '', '2014-01-20', '2014-01-20', 61),
(56, '28.00', '', '2014-01-20', '2014-01-20', 62),
(57, '32.00', '', '2014-01-20', '2014-01-20', 53),
(58, '32.00', '', '2014-01-20', '2014-01-20', 73),
(59, '45.00', '', '2014-01-20', '2014-01-20', 63),
(60, '43.00', '', '2014-01-20', '2014-01-20', 64),
(61, '72.00', '', '2014-01-20', '2014-01-20', 67),
(62, '50.00', '', '2014-01-22', '2014-01-22', 81),
(63, '55.00', '', '2014-01-22', '2014-01-22', 75),
(64, '44.00', '', '2014-01-22', '2014-01-22', 80),
(65, '40.00', '', '2014-01-22', '2014-01-22', 69),
(66, '55.00', '', '2014-01-22', '2014-01-22', 68),
(67, '33.00', '', '2014-01-22', '2014-01-22', 66),
(68, '47.00', '', '2014-01-24', '2014-01-24', 77),
(69, '35.00', '', '2014-01-24', '2014-01-24', 93),
(70, '29.00', '', '2014-01-24', '2014-01-24', 78),
(71, '90.00', '', '2014-01-24', '2014-01-24', 94),
(72, '21.00', '', '2014-01-24', '2014-01-24', 92),
(73, '153.00', '', '2014-01-24', '2014-01-24', 82),
(74, '43.00', '', '2014-01-24', '2014-01-24', 76),
(75, '45.00', '', '2014-01-24', '2014-01-24', 71),
(76, '30.00', '', '2014-01-24', '2014-01-24', 79),
(77, '43.00', '', '2014-01-24', '2014-01-24', 84),
(78, '28.00', '', '2014-01-24', '2014-01-24', 90),
(79, '20.00', '', '2014-01-24', '2014-01-24', 70),
(80, '68.00', '', '2014-01-24', '2014-01-24', 74),
(81, '75.00', '', '2014-01-24', '2014-01-24', 87),
(82, '94.00', '', '2014-01-30', '2014-01-30', 105),
(83, '15.00', '', '2014-01-30', '2014-01-30', 106),
(84, '64.00', '', '2014-01-30', '2014-01-30', 107),
(85, '40.00', '', '2014-01-30', '2014-01-30', 85),
(86, '45.00', '', '2014-01-30', '2014-01-30', 108),
(87, '58.00', '', '2014-01-30', '2014-01-30', 100),
(88, '17.00', '', '2014-01-30', '2014-01-30', 109),
(89, '21.00', '', '2014-01-30', '2014-01-30', 110),
(90, '40.00', '', '2014-01-30', '2014-01-30', 111),
(91, '100.00', '', '2014-01-30', '2014-01-30', 101),
(92, '22.00', '', '2014-01-30', '2014-01-30', 102),
(93, '26.00', '', '2014-01-30', '2014-01-30', 83),
(94, '12.00', '', '2014-01-30', '2014-01-30', 112),
(95, '60.00', '', '2014-01-30', '2014-01-30', 99),
(96, '32.00', '', '2014-01-30', '2014-01-30', 91),
(97, '58.00', '', '2014-01-30', '2014-01-30', 113),
(98, '20.00', '', '2014-01-30', '2014-01-30', 114),
(99, '144.00', '', '2014-01-30', '2014-01-30', 104),
(100, '105.00', '', '2014-02-03', '2014-02-03', 115),
(101, '30.00', '', '2014-02-03', '2014-02-03', 116),
(102, '30.00', '', '2014-02-03', '2014-02-03', 86),
(103, '30.00', '', '2014-02-03', '2014-02-03', 41),
(104, '0.00', '', '2014-02-03', '2014-02-03', 95),
(105, '73.00', '', '2014-02-03', '2014-02-03', 117),
(106, '20.00', '', '2014-02-03', '2014-02-03', 54),
(107, '30.00', '', '2014-02-03', '2014-02-03', 37),
(108, '27.00', '', '2014-02-03', '2014-02-03', 97),
(109, '19.00', '', '2014-02-03', '2014-02-03', 88),
(110, '39.00', '', '2014-02-03', '2014-02-03', 120),
(111, '12.00', '', '2014-02-03', '2014-02-03', 96),
(112, '120.00', '', '2014-02-03', '2014-02-03', 98),
(113, '35.00', '', '2014-02-03', '2014-02-03', 48),
(114, '40.00', '', '2014-02-03', '2014-02-03', 121),
(115, '45.00', '', '2014-02-03', '2014-02-03', 60),
(116, '30.00', '', '2014-02-12', '2014-02-12', 122),
(117, '9.00', '', '2014-02-12', '2014-02-12', 123),
(118, '24.00', '', '2014-02-12', '2014-02-12', 124),
(119, '51.00', '', '2014-02-12', '2014-02-12', 125),
(120, '40.00', '', '2014-02-12', '2014-02-12', 126),
(121, '30.00', '', '2014-02-12', '2014-02-12', 127),
(122, '37.00', '', '2014-02-12', '2014-02-12', 128),
(123, '26.00', '', '2014-02-12', '2014-02-12', 129),
(124, '28.00', '', '2014-02-12', '2014-02-12', 130),
(125, '24.00', '', '2014-02-12', '2014-02-12', 131),
(126, '33.00', '', '2014-02-13', '2014-02-13', 132),
(127, '43.00', '', '2014-02-13', '2014-02-13', 133),
(128, '35.00', '', '2014-02-13', '2014-02-13', 134),
(129, '15.00', '', '2014-02-13', '2014-02-13', 135),
(130, '65.00', '', '2014-02-13', '2014-02-13', 136),
(131, '35.00', '', '2014-02-13', '2014-02-13', 137),
(132, '25.00', '', '2014-02-13', '2014-02-13', 138);

-- --------------------------------------------------------

--
-- Estrutura da tabela `saldo_logs`
--

CREATE TABLE IF NOT EXISTS `saldo_logs` (
  `id` int(11) NOT NULL AUTO_INCREMENT,
  `tipo` varchar(50) NOT NULL,
  `log` text NOT NULL,
  `created` datetime NOT NULL,
  `modified` datetime NOT NULL,
  `cliente_id` int(11) NOT NULL,
  PRIMARY KEY (`id`),
  KEY `cliente_id` (`cliente_id`)
) ENGINE=InnoDB  DEFAULT CHARSET=utf8 AUTO_INCREMENT=202 ;

--
-- Extraindo dados da tabela `saldo_logs`
--

INSERT INTO `saldo_logs` (`id`, `tipo`, `log`, `created`, `modified`, `cliente_id`) VALUES
(1, 'ServicosController::fechamento', '<div class="list-log">14/01/2014 23:23:12<br>Saldo alterado: [Servicos::fechamento]<ul><li>Saldo atual (0.00)</li><li>Valor a contabilizar (-15)<li>Novo saldo (-15)</li></ul></div>', '2014-01-14 23:23:12', '2014-01-14 23:23:12', 26),
(2, 'PagamentosController::lancar', '<div class="list-log">14/01/2014 23:23:42<br>Saldo alterado: [Pagamentos::lancar]<ul><li>Saldo atual (-15.00)</li><li>Valor a contabilizar (15)<li>Novo saldo (0)</li></ul></div>', '2014-01-14 23:23:42', '2014-01-14 23:23:42', 26),
(3, 'ServicosController::fechamento', '<div class="list-log">14/01/2014 23:24:54<br>Saldo alterado: [Servicos::fechamento]<ul><li>Saldo atual (0.00)</li><li>Valor a contabilizar (-28)<li>Novo saldo (-28)</li></ul></div>', '2014-01-14 23:24:55', '2014-01-14 23:24:55', 40),
(4, 'PagamentosController::lancar', '<div class="list-log">14/01/2014 23:25:19<br>Saldo alterado: [Pagamentos::lancar]<ul><li>Saldo atual (-28.00)</li><li>Valor a contabilizar (28)<li>Novo saldo (0)</li></ul></div>', '2014-01-14 23:25:19', '2014-01-14 23:25:19', 40),
(5, 'ServicosController::fechamento', '<div class="list-log">14/01/2014 23:26:17<br>Saldo alterado: [Servicos::fechamento]<ul><li>Saldo atual (0.00)</li><li>Valor a contabilizar (-17)<li>Novo saldo (-17)</li></ul></div>', '2014-01-14 23:26:17', '2014-01-14 23:26:17', 22),
(6, 'PagamentosController::lancar', '<div class="list-log">14/01/2014 23:26:34<br>Saldo alterado: [Pagamentos::lancar]<ul><li>Saldo atual (-17.00)</li><li>Valor a contabilizar (17)<li>Novo saldo (0)</li></ul></div>', '2014-01-14 23:26:34', '2014-01-14 23:26:34', 22),
(7, 'ServicosController::fechamento', '<div class="list-log">14/01/2014 23:27:11<br>Saldo alterado: [Servicos::fechamento]<ul><li>Saldo atual (0.00)</li><li>Valor a contabilizar (-35)<li>Novo saldo (-35)</li></ul></div>', '2014-01-14 23:27:11', '2014-01-14 23:27:11', 30),
(8, 'PagamentosController::lancar', '<div class="list-log">14/01/2014 23:27:28<br>Saldo alterado: [Pagamentos::lancar]<ul><li>Saldo atual (-35.00)</li><li>Valor a contabilizar (35)<li>Novo saldo (0)</li></ul></div>', '2014-01-14 23:27:28', '2014-01-14 23:27:28', 30),
(9, 'ServicosController::fechamento', '<div class="list-log">14/01/2014 23:28:17<br>Saldo alterado: [Servicos::fechamento]<ul><li>Saldo atual (0.00)</li><li>Valor a contabilizar (-34)<li>Novo saldo (-34)</li></ul></div>', '2014-01-14 23:28:17', '2014-01-14 23:28:17', 21),
(10, 'PagamentosController::lancar', '<div class="list-log">14/01/2014 23:28:36<br>Saldo alterado: [Pagamentos::lancar]<ul><li>Saldo atual (-34.00)</li><li>Valor a contabilizar (34)<li>Novo saldo (0)</li></ul></div>', '2014-01-14 23:28:37', '2014-01-14 23:28:37', 21),
(11, 'ServicosController::fechamento', '<div class="list-log">14/01/2014 23:29:45<br>Saldo alterado: [Servicos::fechamento]<ul><li>Saldo atual (0.00)</li><li>Valor a contabilizar (-52)<li>Novo saldo (-52)</li></ul></div>', '2014-01-14 23:29:45', '2014-01-14 23:29:45', 35),
(12, 'PagamentosController::lancar', '<div class="list-log">14/01/2014 23:30:04<br>Saldo alterado: [Pagamentos::lancar]<ul><li>Saldo atual (-52.00)</li><li>Valor a contabilizar (52)<li>Novo saldo (0)</li></ul></div>', '2014-01-14 23:30:05', '2014-01-14 23:30:05', 35),
(13, 'ServicosController::fechamento', '<div class="list-log">14/01/2014 23:31:29<br>Saldo alterado: [Servicos::fechamento]<ul><li>Saldo atual (0.00)</li><li>Valor a contabilizar (-50)<li>Novo saldo (-50)</li></ul></div>', '2014-01-14 23:31:29', '2014-01-14 23:31:29', 37),
(14, 'PagamentosController::lancar', '<div class="list-log">14/01/2014 23:31:56<br>Saldo alterado: [Pagamentos::lancar]<ul><li>Saldo atual (-50.00)</li><li>Valor a contabilizar (50)<li>Novo saldo (0)</li></ul></div>', '2014-01-14 23:31:56', '2014-01-14 23:31:56', 37),
(15, 'ServicosController::fechamento', '<div class="list-log">14/01/2014 23:34:04<br>Saldo alterado: [Servicos::fechamento]<ul><li>Saldo atual (0.00)</li><li>Valor a contabilizar (-22)<li>Novo saldo (-22)</li></ul></div>', '2014-01-14 23:34:04', '2014-01-14 23:34:04', 17),
(16, 'PagamentosController::lancar', '<div class="list-log">14/01/2014 23:34:27<br>Saldo alterado: [Pagamentos::lancar]<ul><li>Saldo atual (-22.00)</li><li>Valor a contabilizar (22)<li>Novo saldo (0)</li></ul></div>', '2014-01-14 23:34:27', '2014-01-14 23:34:27', 17),
(17, 'ServicosController::fechamento', '<div class="list-log">15/01/2014 23:24:24<br>Saldo alterado: [Servicos::fechamento]<ul><li>Saldo atual (0.00)</li><li>Valor a contabilizar (-35)<li>Novo saldo (-35)</li></ul></div>', '2014-01-15 23:24:24', '2014-01-15 23:24:24', 65),
(18, 'ServicosController::fechamento', '<div class="list-log">15/01/2014 23:25:02<br>Saldo alterado: [Servicos::fechamento]<ul><li>Saldo atual (0.00)</li><li>Valor a contabilizar (-41)<li>Novo saldo (-41)</li></ul></div>', '2014-01-15 23:25:02', '2014-01-15 23:25:02', 10),
(19, 'PagamentosController::lancar', '<div class="list-log">15/01/2014 23:25:25<br>Saldo alterado: [Pagamentos::lancar]<ul><li>Saldo atual (-41.00)</li><li>Valor a contabilizar (41)<li>Novo saldo (0)</li></ul></div>', '2014-01-15 23:25:25', '2014-01-15 23:25:25', 10),
(20, 'ServicosController::fechamento', '<div class="list-log">15/01/2014 23:26:02<br>Saldo alterado: [Servicos::fechamento]<ul><li>Saldo atual (0.00)</li><li>Valor a contabilizar (-82)<li>Novo saldo (-82)</li></ul></div>', '2014-01-15 23:26:02', '2014-01-15 23:26:02', 16),
(21, 'PagamentosController::lancar', '<div class="list-log">15/01/2014 23:26:25<br>Saldo alterado: [Pagamentos::lancar]<ul><li>Saldo atual (-82.00)</li><li>Valor a contabilizar (82)<li>Novo saldo (0)</li></ul></div>', '2014-01-15 23:26:25', '2014-01-15 23:26:25', 16),
(22, 'ServicosController::fechamento', '<div class="list-log">16/01/2014 22:49:12<br>Saldo alterado: [Servicos::fechamento]<ul><li>Saldo atual (0.00)</li><li>Valor a contabilizar (-140)<li>Novo saldo (-140)</li></ul></div>', '2014-01-16 22:49:12', '2014-01-16 22:49:12', 68),
(23, 'PagamentosController::lancar', '<div class="list-log">16/01/2014 22:49:37<br>Saldo alterado: [Pagamentos::lancar]<ul><li>Saldo atual (-140.00)</li><li>Valor a contabilizar (140)<li>Novo saldo (0)</li></ul></div>', '2014-01-16 22:49:37', '2014-01-16 22:49:37', 68),
(24, 'ServicosController::fechamento', '<div class="list-log">16/01/2014 22:50:16<br>Saldo alterado: [Servicos::fechamento]<ul><li>Saldo atual (0.00)</li><li>Valor a contabilizar (-41)<li>Novo saldo (-41)</li></ul></div>', '2014-01-16 22:50:17', '2014-01-16 22:50:17', 69),
(25, 'PagamentosController::lancar', '<div class="list-log">16/01/2014 22:50:37<br>Saldo alterado: [Pagamentos::lancar]<ul><li>Saldo atual (-41.00)</li><li>Valor a contabilizar (41)<li>Novo saldo (0)</li></ul></div>', '2014-01-16 22:50:37', '2014-01-16 22:50:37', 69),
(26, 'ServicosController::fechamento', '<div class="list-log">16/01/2014 22:51:22<br>Saldo alterado: [Servicos::fechamento]<ul><li>Saldo atual (0.00)</li><li>Valor a contabilizar (-40)<li>Novo saldo (-40)</li></ul></div>', '2014-01-16 22:51:22', '2014-01-16 22:51:22', 13),
(27, 'PagamentosController::lancar', '<div class="list-log">16/01/2014 22:51:38<br>Saldo alterado: [Pagamentos::lancar]<ul><li>Saldo atual (-40.00)</li><li>Valor a contabilizar (40)<li>Novo saldo (0)</li></ul></div>', '2014-01-16 22:51:38', '2014-01-16 22:51:38', 13),
(28, 'ServicosController::fechamento', '<div class="list-log">16/01/2014 22:55:58<br>Saldo alterado: [Servicos::fechamento]<ul><li>Saldo atual (0.00)</li><li>Valor a contabilizar (-95)<li>Novo saldo (-95)</li></ul></div>', '2014-01-16 22:55:58', '2014-01-16 22:55:58', 15),
(29, 'ServicosController::fechamento', '<div class="list-log">16/01/2014 23:05:32<br>Saldo alterado: [Servicos::fechamento]<ul><li>Saldo atual (0.00)</li><li>Valor a contabilizar (-20)<li>Novo saldo (-20)</li></ul></div>', '2014-01-16 23:05:32', '2014-01-16 23:05:32', 1),
(30, 'ServicosController::fechamento', '<div class="list-log">20/01/2014 14:47:51<br>Saldo alterado: [Servicos::fechamento]<ul><li>Saldo atual (0.00)</li><li>Valor a contabilizar (-110)<li>Novo saldo (-110)</li></ul></div>', '2014-01-20 14:47:51', '2014-01-20 14:47:51', 24),
(31, 'PagamentosController::lancar', '<div class="list-log">20/01/2014 14:48:15<br>Saldo alterado: [Pagamentos::lancar]<ul><li>Saldo atual (-110.00)</li><li>Valor a contabilizar (110)<li>Novo saldo (0)</li></ul></div>', '2014-01-20 14:48:15', '2014-01-20 14:48:15', 24),
(32, 'ServicosController::fechamento', '<div class="list-log">20/01/2014 14:50:56<br>Saldo alterado: [Servicos::fechamento]<ul><li>Saldo atual (0.00)</li><li>Valor a contabilizar (-26)<li>Novo saldo (-26)</li></ul></div>', '2014-01-20 14:50:56', '2014-01-20 14:50:56', 63),
(33, 'PagamentosController::lancar', '<div class="list-log">20/01/2014 14:51:15<br>Saldo alterado: [Pagamentos::lancar]<ul><li>Saldo atual (-26.00)</li><li>Valor a contabilizar (26)<li>Novo saldo (0)</li></ul></div>', '2014-01-20 14:51:15', '2014-01-20 14:51:15', 63),
(34, 'PagamentosController::lancar', '<div class="list-log">20/01/2014 14:52:09<br>Saldo alterado: [Pagamentos::lancar]<ul><li>Saldo atual (-95.00)</li><li>Valor a contabilizar (95)<li>Novo saldo (0)</li></ul></div>', '2014-01-20 14:52:10', '2014-01-20 14:52:10', 15),
(35, 'ServicosController::fechamento', '<div class="list-log">20/01/2014 14:53:34<br>Saldo alterado: [Servicos::fechamento]<ul><li>Saldo atual (32.00)</li><li>Valor a contabilizar (-20)<li>Novo saldo (12)</li></ul></div>', '2014-01-20 14:53:34', '2014-01-20 14:53:34', 6),
(36, 'ServicosController::fechamento', '<div class="list-log">20/01/2014 14:54:07<br>Saldo alterado: [Servicos::fechamento]<ul><li>Saldo atual (0.00)</li><li>Valor a contabilizar (-27)<li>Novo saldo (-27)</li></ul></div>', '2014-01-20 14:54:07', '2014-01-20 14:54:07', 57),
(37, 'PagamentosController::lancar', '<div class="list-log">20/01/2014 14:54:27<br>Saldo alterado: [Pagamentos::lancar]<ul><li>Saldo atual (-27.00)</li><li>Valor a contabilizar (27)<li>Novo saldo (0)</li></ul></div>', '2014-01-20 14:54:27', '2014-01-20 14:54:27', 57),
(38, 'ServicosController::fechamento', '<div class="list-log">20/01/2014 14:54:55<br>Saldo alterado: [Servicos::fechamento]<ul><li>Saldo atual (125.00)</li><li>Valor a contabilizar (-25)<li>Novo saldo (100)</li></ul></div>', '2014-01-20 14:54:55', '2014-01-20 14:54:55', 27),
(39, 'ServicosController::fechamento', '<div class="list-log">20/01/2014 14:55:44<br>Saldo alterado: [Servicos::fechamento]<ul><li>Saldo atual (0.00)</li><li>Valor a contabilizar (-14)<li>Novo saldo (-14)</li></ul></div>', '2014-01-20 14:55:44', '2014-01-20 14:55:44', 42),
(40, 'PagamentosController::lancar', '<div class="list-log">20/01/2014 14:55:59<br>Saldo alterado: [Pagamentos::lancar]<ul><li>Saldo atual (-14.00)</li><li>Valor a contabilizar (14)<li>Novo saldo (0)</li></ul></div>', '2014-01-20 14:55:59', '2014-01-20 14:55:59', 42),
(41, 'ServicosController::fechamento', '<div class="list-log">20/01/2014 14:56:38<br>Saldo alterado: [Servicos::fechamento]<ul><li>Saldo atual (0.00)</li><li>Valor a contabilizar (-28)<li>Novo saldo (-28)</li></ul></div>', '2014-01-20 14:56:38', '2014-01-20 14:56:38', 29),
(42, 'PagamentosController::lancar', '<div class="list-log">20/01/2014 14:56:53<br>Saldo alterado: [Pagamentos::lancar]<ul><li>Saldo atual (-28.00)</li><li>Valor a contabilizar (28)<li>Novo saldo (0)</li></ul></div>', '2014-01-20 14:56:53', '2014-01-20 14:56:53', 29),
(43, 'ServicosController::fechamento', '<div class="list-log">20/01/2014 14:57:28<br>Saldo alterado: [Servicos::fechamento]<ul><li>Saldo atual (0.00)</li><li>Valor a contabilizar (-32)<li>Novo saldo (-32)</li></ul></div>', '2014-01-20 14:57:28', '2014-01-20 14:57:28', 40),
(44, 'PagamentosController::lancar', '<div class="list-log">20/01/2014 14:57:42<br>Saldo alterado: [Pagamentos::lancar]<ul><li>Saldo atual (-32.00)</li><li>Valor a contabilizar (32)<li>Novo saldo (0)</li></ul></div>', '2014-01-20 14:57:42', '2014-01-20 14:57:42', 40),
(45, 'ServicosController::fechamento', '<div class="list-log">20/01/2014 15:00:27<br>Saldo alterado: [Servicos::fechamento]<ul><li>Saldo atual (0.00)</li><li>Valor a contabilizar (-32)<li>Novo saldo (-32)</li></ul></div>', '2014-01-20 15:00:27', '2014-01-20 15:00:27', 71),
(46, 'PagamentosController::lancar', '<div class="list-log">20/01/2014 15:00:42<br>Saldo alterado: [Pagamentos::lancar]<ul><li>Saldo atual (-32.00)</li><li>Valor a contabilizar (32)<li>Novo saldo (0)</li></ul></div>', '2014-01-20 15:00:42', '2014-01-20 15:00:42', 71),
(47, 'ServicosController::fechamento', '<div class="list-log">20/01/2014 15:01:12<br>Saldo alterado: [Servicos::fechamento]<ul><li>Saldo atual (0.00)</li><li>Valor a contabilizar (-45)<li>Novo saldo (-45)</li></ul></div>', '2014-01-20 15:01:12', '2014-01-20 15:01:12', 54),
(48, 'PagamentosController::lancar', '<div class="list-log">20/01/2014 15:01:29<br>Saldo alterado: [Pagamentos::lancar]<ul><li>Saldo atual (-45.00)</li><li>Valor a contabilizar (45)<li>Novo saldo (0)</li></ul></div>', '2014-01-20 15:01:29', '2014-01-20 15:01:29', 54),
(49, 'ServicosController::fechamento', '<div class="list-log">20/01/2014 23:32:45<br>Saldo alterado: [Servicos::fechamento]<ul><li>Saldo atual (0.00)</li><li>Valor a contabilizar (-47)<li>Novo saldo (-47)</li></ul></div>', '2014-01-20 23:32:45', '2014-01-20 23:32:45', 43),
(50, 'PagamentosController::lancar', '<div class="list-log">20/01/2014 23:33:05<br>Saldo alterado: [Pagamentos::lancar]<ul><li>Saldo atual (-47.00)</li><li>Valor a contabilizar (43)<li>Novo saldo (-4)</li></ul></div>', '2014-01-20 23:33:05', '2014-01-20 23:33:05', 43),
(51, 'ServicosController::fechamento', '<div class="list-log">20/01/2014 23:33:32<br>Saldo alterado: [Servicos::fechamento]<ul><li>Saldo atual (0.00)</li><li>Valor a contabilizar (-72)<li>Novo saldo (-72)</li></ul></div>', '2014-01-20 23:33:32', '2014-01-20 23:33:32', 20),
(52, 'PagamentosController::lancar', '<div class="list-log">20/01/2014 23:33:54<br>Saldo alterado: [Pagamentos::lancar]<ul><li>Saldo atual (-72.00)</li><li>Valor a contabilizar (72)<li>Novo saldo (0)</li></ul></div>', '2014-01-20 23:33:54', '2014-01-20 23:33:54', 20),
(53, 'ServicosController::fechamento', '<div class="list-log">22/01/2014 02:22:02<br>Saldo alterado: [Servicos::fechamento]<ul><li>Saldo atual (0.00)</li><li>Valor a contabilizar (-50)<li>Novo saldo (-50)</li></ul></div>', '2014-01-22 02:22:02', '2014-01-22 02:22:02', 35),
(54, 'PagamentosController::lancar', '<div class="list-log">22/01/2014 02:22:21<br>Saldo alterado: [Pagamentos::lancar]<ul><li>Saldo atual (-50.00)</li><li>Valor a contabilizar (50)<li>Novo saldo (0)</li></ul></div>', '2014-01-22 02:22:21', '2014-01-22 02:22:21', 35),
(55, 'ServicosController::fechamento', '<div class="list-log">22/01/2014 02:23:03<br>Saldo alterado: [Servicos::fechamento]<ul><li>Saldo atual (0.00)</li><li>Valor a contabilizar (-55)<li>Novo saldo (-55)</li></ul></div>', '2014-01-22 02:23:03', '2014-01-22 02:23:03', 36),
(56, 'PagamentosController::lancar', '<div class="list-log">22/01/2014 02:23:30<br>Saldo alterado: [Pagamentos::lancar]<ul><li>Saldo atual (-55.00)</li><li>Valor a contabilizar (55)<li>Novo saldo (0)</li></ul></div>', '2014-01-22 02:23:30', '2014-01-22 02:23:30', 36),
(57, 'ServicosController::fechamento', '<div class="list-log">22/01/2014 02:24:09<br>Saldo alterado: [Servicos::fechamento]<ul><li>Saldo atual (0.00)</li><li>Valor a contabilizar (-45)<li>Novo saldo (-45)</li></ul></div>', '2014-01-22 02:24:09', '2014-01-22 02:24:09', 2),
(58, 'ServicosController::fechamento', '<div class="list-log">22/01/2014 02:24:49<br>Saldo alterado: [Servicos::fechamento]<ul><li>Saldo atual (0.00)</li><li>Valor a contabilizar (-44)<li>Novo saldo (-44)</li></ul></div>', '2014-01-22 02:24:49', '2014-01-22 02:24:49', 29),
(59, 'PagamentosController::lancar', '<div class="list-log">22/01/2014 02:25:07<br>Saldo alterado: [Pagamentos::lancar]<ul><li>Saldo atual (-44.00)</li><li>Valor a contabilizar (44)<li>Novo saldo (0)</li></ul></div>', '2014-01-22 02:25:08', '2014-01-22 02:25:08', 29),
(60, 'ServicosController::fechamento', '<div class="list-log">22/01/2014 02:25:42<br>Saldo alterado: [Servicos::fechamento]<ul><li>Saldo atual (0.00)</li><li>Valor a contabilizar (-40)<li>Novo saldo (-40)</li></ul></div>', '2014-01-22 02:25:42', '2014-01-22 02:25:42', 21),
(61, 'PagamentosController::lancar', '<div class="list-log">22/01/2014 02:26:01<br>Saldo alterado: [Pagamentos::lancar]<ul><li>Saldo atual (-40.00)</li><li>Valor a contabilizar (40)<li>Novo saldo (0)</li></ul></div>', '2014-01-22 02:26:01', '2014-01-22 02:26:01', 21),
(62, 'ServicosController::fechamento', '<div class="list-log">22/01/2014 02:26:32<br>Saldo alterado: [Servicos::fechamento]<ul><li>Saldo atual (0.00)</li><li>Valor a contabilizar (-55)<li>Novo saldo (-55)</li></ul></div>', '2014-01-22 02:26:32', '2014-01-22 02:26:32', 70),
(63, 'PagamentosController::lancar', '<div class="list-log">22/01/2014 02:26:49<br>Saldo alterado: [Pagamentos::lancar]<ul><li>Saldo atual (-55.00)</li><li>Valor a contabilizar (55)<li>Novo saldo (0)</li></ul></div>', '2014-01-22 02:26:49', '2014-01-22 02:26:49', 70),
(64, 'ServicosController::fechamento', '<div class="list-log">22/01/2014 02:27:21<br>Saldo alterado: [Servicos::fechamento]<ul><li>Saldo atual (0.00)</li><li>Valor a contabilizar (-33)<li>Novo saldo (-33)</li></ul></div>', '2014-01-22 02:27:22', '2014-01-22 02:27:22', 31),
(65, 'PagamentosController::lancar', '<div class="list-log">22/01/2014 02:27:39<br>Saldo alterado: [Pagamentos::lancar]<ul><li>Saldo atual (-33.00)</li><li>Valor a contabilizar (33)<li>Novo saldo (0)</li></ul></div>', '2014-01-22 02:27:39', '2014-01-22 02:27:39', 31),
(66, 'ClientesController::alterar_saldo', '<div class="list-log">22/01/2014 02:37:14<br>Saldo alterado: [Clientes::alterar_saldo]<ul><li>Saldo atual (-4.00)</li><li>Valor a contabilizar (4)<li>Novo saldo (0)</li></ul></div>', '2014-01-22 02:37:14', '2014-01-22 02:37:14', 43),
(67, 'ServicosController::fechamento', '<div class="list-log">24/01/2014 22:29:18<br>Saldo alterado: [Servicos::fechamento]<ul><li>Saldo atual (0.00)</li><li>Valor a contabilizar (-47)<li>Novo saldo (-47)</li></ul></div>', '2014-01-24 22:29:18', '2014-01-24 22:29:18', 26),
(68, 'PagamentosController::lancar', '<div class="list-log">24/01/2014 22:29:37<br>Saldo alterado: [Pagamentos::lancar]<ul><li>Saldo atual (-47.00)</li><li>Valor a contabilizar (47)<li>Novo saldo (0)</li></ul></div>', '2014-01-24 22:29:37', '2014-01-24 22:29:37', 26),
(69, 'ServicosController::fechamento', '<div class="list-log">24/01/2014 22:31:11<br>Saldo alterado: [Servicos::fechamento]<ul><li>Saldo atual (0.00)</li><li>Valor a contabilizar (-35)<li>Novo saldo (-35)</li></ul></div>', '2014-01-24 22:31:11', '2014-01-24 22:31:11', 62),
(70, 'PagamentosController::lancar', '<div class="list-log">24/01/2014 22:31:31<br>Saldo alterado: [Pagamentos::lancar]<ul><li>Saldo atual (-35.00)</li><li>Valor a contabilizar (35)<li>Novo saldo (0)</li></ul></div>', '2014-01-24 22:31:31', '2014-01-24 22:31:31', 62),
(71, 'ServicosController::fechamento', '<div class="list-log">24/01/2014 22:32:02<br>Saldo alterado: [Servicos::fechamento]<ul><li>Saldo atual (0.00)</li><li>Valor a contabilizar (-29)<li>Novo saldo (-29)</li></ul></div>', '2014-01-24 22:32:02', '2014-01-24 22:32:02', 57),
(72, 'PagamentosController::lancar', '<div class="list-log">24/01/2014 22:32:19<br>Saldo alterado: [Pagamentos::lancar]<ul><li>Saldo atual (-29.00)</li><li>Valor a contabilizar (29)<li>Novo saldo (0)</li></ul></div>', '2014-01-24 22:32:19', '2014-01-24 22:32:19', 57),
(73, 'ServicosController::fechamento', '<div class="list-log">24/01/2014 22:34:10<br>Saldo alterado: [Servicos::fechamento]<ul><li>Saldo atual (0.00)</li><li>Valor a contabilizar (-90)<li>Novo saldo (-90)</li></ul></div>', '2014-01-24 22:34:10', '2014-01-24 22:34:10', 40),
(74, 'PagamentosController::lancar', '<div class="list-log">24/01/2014 22:34:27<br>Saldo alterado: [Pagamentos::lancar]<ul><li>Saldo atual (-90.00)</li><li>Valor a contabilizar (90)<li>Novo saldo (0)</li></ul></div>', '2014-01-24 22:34:27', '2014-01-24 22:34:27', 40),
(75, 'ServicosController::fechamento', '<div class="list-log">24/01/2014 22:34:58<br>Saldo alterado: [Servicos::fechamento]<ul><li>Saldo atual (0.00)</li><li>Valor a contabilizar (-21)<li>Novo saldo (-21)</li></ul></div>', '2014-01-24 22:34:58', '2014-01-24 22:34:58', 11),
(76, 'PagamentosController::lancar', '<div class="list-log">24/01/2014 22:35:13<br>Saldo alterado: [Pagamentos::lancar]<ul><li>Saldo atual (-21.00)</li><li>Valor a contabilizar (21)<li>Novo saldo (0)</li></ul></div>', '2014-01-24 22:35:13', '2014-01-24 22:35:13', 11),
(77, 'ServicosController::fechamento', '<div class="list-log">24/01/2014 22:35:43<br>Saldo alterado: [Servicos::fechamento]<ul><li>Saldo atual (0.00)</li><li>Valor a contabilizar (-153)<li>Novo saldo (-153)</li></ul></div>', '2014-01-24 22:35:43', '2014-01-24 22:35:43', 68),
(78, 'PagamentosController::lancar', '<div class="list-log">24/01/2014 22:36:00<br>Saldo alterado: [Pagamentos::lancar]<ul><li>Saldo atual (-153.00)</li><li>Valor a contabilizar (153)<li>Novo saldo (0)</li></ul></div>', '2014-01-24 22:36:00', '2014-01-24 22:36:00', 68),
(79, 'ServicosController::fechamento', '<div class="list-log">24/01/2014 22:36:29<br>Saldo alterado: [Servicos::fechamento]<ul><li>Saldo atual (0.00)</li><li>Valor a contabilizar (-43)<li>Novo saldo (-43)</li></ul></div>', '2014-01-24 22:36:29', '2014-01-24 22:36:29', 23),
(80, 'PagamentosController::lancar', '<div class="list-log">24/01/2014 22:36:44<br>Saldo alterado: [Pagamentos::lancar]<ul><li>Saldo atual (-43.00)</li><li>Valor a contabilizar (43)<li>Novo saldo (0)</li></ul></div>', '2014-01-24 22:36:44', '2014-01-24 22:36:44', 23),
(81, 'ServicosController::fechamento', '<div class="list-log">24/01/2014 22:37:12<br>Saldo alterado: [Servicos::fechamento]<ul><li>Saldo atual (-20.00)</li><li>Valor a contabilizar (-45)<li>Novo saldo (-65)</li></ul></div>', '2014-01-24 22:37:12', '2014-01-24 22:37:12', 1),
(82, 'PagamentosController::lancar', '<div class="list-log">24/01/2014 22:37:28<br>Saldo alterado: [Pagamentos::lancar]<ul><li>Saldo atual (-65.00)</li><li>Valor a contabilizar (45)<li>Novo saldo (-20)</li></ul></div>', '2014-01-24 22:37:28', '2014-01-24 22:37:28', 1),
(83, 'ServicosController::fechamento', '<div class="list-log">24/01/2014 22:37:52<br>Saldo alterado: [Servicos::fechamento]<ul><li>Saldo atual (0.00)</li><li>Valor a contabilizar (-30)<li>Novo saldo (-30)</li></ul></div>', '2014-01-24 22:37:52', '2014-01-24 22:37:52', 28),
(84, 'PagamentosController::lancar', '<div class="list-log">24/01/2014 22:38:10<br>Saldo alterado: [Pagamentos::lancar]<ul><li>Saldo atual (-30.00)</li><li>Valor a contabilizar (30)<li>Novo saldo (0)</li></ul></div>', '2014-01-24 22:38:10', '2014-01-24 22:38:10', 28),
(85, 'ServicosController::fechamento', '<div class="list-log">24/01/2014 22:38:39<br>Saldo alterado: [Servicos::fechamento]<ul><li>Saldo atual (0.00)</li><li>Valor a contabilizar (-43)<li>Novo saldo (-43)</li></ul></div>', '2014-01-24 22:38:39', '2014-01-24 22:38:39', 72),
(86, 'PagamentosController::lancar', '<div class="list-log">24/01/2014 22:38:58<br>Saldo alterado: [Pagamentos::lancar]<ul><li>Saldo atual (-43.00)</li><li>Valor a contabilizar (43)<li>Novo saldo (0)</li></ul></div>', '2014-01-24 22:38:58', '2014-01-24 22:38:58', 72),
(87, 'ServicosController::fechamento', '<div class="list-log">24/01/2014 22:39:26<br>Saldo alterado: [Servicos::fechamento]<ul><li>Saldo atual (0.00)</li><li>Valor a contabilizar (-28)<li>Novo saldo (-28)</li></ul></div>', '2014-01-24 22:39:26', '2014-01-24 22:39:26', 18),
(88, 'PagamentosController::lancar', '<div class="list-log">24/01/2014 22:39:46<br>Saldo alterado: [Pagamentos::lancar]<ul><li>Saldo atual (-28.00)</li><li>Valor a contabilizar (28)<li>Novo saldo (0)</li></ul></div>', '2014-01-24 22:39:46', '2014-01-24 22:39:46', 18),
(89, 'ServicosController::fechamento', '<div class="list-log">24/01/2014 22:40:46<br>Saldo alterado: [Servicos::fechamento]<ul><li>Saldo atual (0.00)</li><li>Valor a contabilizar (-20)<li>Novo saldo (-20)</li></ul></div>', '2014-01-24 22:40:46', '2014-01-24 22:40:46', 67),
(90, 'PagamentosController::lancar', '<div class="list-log">24/01/2014 22:41:01<br>Saldo alterado: [Pagamentos::lancar]<ul><li>Saldo atual (-20.00)</li><li>Valor a contabilizar (20)<li>Novo saldo (0)</li></ul></div>', '2014-01-24 22:41:01', '2014-01-24 22:41:01', 67),
(91, 'ServicosController::fechamento', '<div class="list-log">24/01/2014 22:41:28<br>Saldo alterado: [Servicos::fechamento]<ul><li>Saldo atual (0.00)</li><li>Valor a contabilizar (-68)<li>Novo saldo (-68)</li></ul></div>', '2014-01-24 22:41:28', '2014-01-24 22:41:28', 33),
(92, 'PagamentosController::lancar', '<div class="list-log">24/01/2014 22:41:49<br>Saldo alterado: [Pagamentos::lancar]<ul><li>Saldo atual (-68.00)</li><li>Valor a contabilizar (68)<li>Novo saldo (0)</li></ul></div>', '2014-01-24 22:41:49', '2014-01-24 22:41:49', 33),
(93, 'ServicosController::fechamento', '<div class="list-log">24/01/2014 22:42:24<br>Saldo alterado: [Servicos::fechamento]<ul><li>Saldo atual (-35.00)</li><li>Valor a contabilizar (-40)<li>Novo saldo (-75)</li></ul></div>', '2014-01-24 22:42:24', '2014-01-24 22:42:24', 65),
(94, 'PagamentosController::lancar', '<div class="list-log">24/01/2014 22:42:43<br>Saldo alterado: [Pagamentos::lancar]<ul><li>Saldo atual (-75.00)</li><li>Valor a contabilizar (75)<li>Novo saldo (0)</li></ul></div>', '2014-01-24 22:42:43', '2014-01-24 22:42:43', 65),
(95, 'ServicosController::fechamento', '<div class="list-log">24/01/2014 22:43:23<br>Saldo alterado: [Servicos::fechamento]<ul><li>Saldo atual (-30.00)</li><li>Valor a contabilizar (-28)<li>Novo saldo (-58)</li></ul></div>', '2014-01-24 22:43:23', '2014-01-24 22:43:23', 8),
(96, 'ClientesController::alterar_saldo', '<div class="list-log">24/01/2014 22:44:58<br>Saldo alterado: [Clientes::alterar_saldo]<ul><li>Saldo atual (-20.00)</li><li>Valor a contabilizar (20)<li>Novo saldo (0)</li></ul></div>', '2014-01-24 22:44:58', '2014-01-24 22:44:58', 1),
(97, 'ServicosController::fechamento', '<div class="list-log">30/01/2014 23:22:43<br>Saldo alterado: [Servicos::fechamento]<ul><li>Saldo atual (0.00)</li><li>Valor a contabilizar (-94)<li>Novo saldo (-94)</li></ul></div>', '2014-01-30 23:22:44', '2014-01-30 23:22:44', 16),
(98, 'PagamentosController::lancar', '<div class="list-log">30/01/2014 23:23:08<br>Saldo alterado: [Pagamentos::lancar]<ul><li>Saldo atual (-94.00)</li><li>Valor a contabilizar (94)<li>Novo saldo (0)</li></ul></div>', '2014-01-30 23:23:08', '2014-01-30 23:23:08', 16),
(99, 'ServicosController::fechamento', '<div class="list-log">30/01/2014 23:23:55<br>Saldo alterado: [Servicos::fechamento]<ul><li>Saldo atual (0.00)</li><li>Valor a contabilizar (-27)<li>Novo saldo (-27)</li></ul></div>', '2014-01-30 23:23:55', '2014-01-30 23:23:55', 1),
(100, 'ServicosController::fechamento', '<div class="list-log">30/01/2014 23:25:48<br>Saldo alterado: [Servicos::fechamento]<ul><li>Saldo atual (0.00)</li><li>Valor a contabilizar (-15)<li>Novo saldo (-15)</li></ul></div>', '2014-01-30 23:25:48', '2014-01-30 23:25:48', 28),
(101, 'PagamentosController::lancar', '<div class="list-log">30/01/2014 23:26:29<br>Saldo alterado: [Pagamentos::lancar]<ul><li>Saldo atual (-15.00)</li><li>Valor a contabilizar (15)<li>Novo saldo (0)</li></ul></div>', '2014-01-30 23:26:29', '2014-01-30 23:26:29', 28),
(102, 'ServicosController::fechamento', '<div class="list-log">30/01/2014 23:27:42<br>Saldo alterado: [Servicos::fechamento]<ul><li>Saldo atual (0.00)</li><li>Valor a contabilizar (-64)<li>Novo saldo (-64)</li></ul></div>', '2014-01-30 23:27:42', '2014-01-30 23:27:42', 4),
(103, 'PagamentosController::lancar', '<div class="list-log">30/01/2014 23:28:03<br>Saldo alterado: [Pagamentos::lancar]<ul><li>Saldo atual (-64.00)</li><li>Valor a contabilizar (64)<li>Novo saldo (0)</li></ul></div>', '2014-01-30 23:28:03', '2014-01-30 23:28:03', 4),
(104, 'ServicosController::fechamento', '<div class="list-log">30/01/2014 23:30:18<br>Saldo alterado: [Servicos::fechamento]<ul><li>Saldo atual (0.00)</li><li>Valor a contabilizar (-40)<li>Novo saldo (-40)</li></ul></div>', '2014-01-30 23:30:18', '2014-01-30 23:30:18', 50),
(105, 'PagamentosController::lancar', '<div class="list-log">30/01/2014 23:31:11<br>Saldo alterado: [Pagamentos::lancar]<ul><li>Saldo atual (-40.00)</li><li>Valor a contabilizar (40)<li>Novo saldo (0)</li></ul></div>', '2014-01-30 23:31:11', '2014-01-30 23:31:11', 50),
(106, 'ServicosController::fechamento', '<div class="list-log">30/01/2014 23:32:13<br>Saldo alterado: [Servicos::fechamento]<ul><li>Saldo atual (0.00)</li><li>Valor a contabilizar (-45)<li>Novo saldo (-45)</li></ul></div>', '2014-01-30 23:32:13', '2014-01-30 23:32:13', 50),
(107, 'PagamentosController::lancar', '<div class="list-log">30/01/2014 23:32:41<br>Saldo alterado: [Pagamentos::lancar]<ul><li>Saldo atual (-45.00)</li><li>Valor a contabilizar (45)<li>Novo saldo (0)</li></ul></div>', '2014-01-30 23:32:41', '2014-01-30 23:32:41', 50),
(108, 'ServicosController::fechamento', '<div class="list-log">30/01/2014 23:33:22<br>Saldo alterado: [Servicos::fechamento]<ul><li>Saldo atual (0.00)</li><li>Valor a contabilizar (-58)<li>Novo saldo (-58)</li></ul></div>', '2014-01-30 23:33:22', '2014-01-30 23:33:22', 68),
(109, 'PagamentosController::lancar', '<div class="list-log">30/01/2014 23:33:40<br>Saldo alterado: [Pagamentos::lancar]<ul><li>Saldo atual (-58.00)</li><li>Valor a contabilizar (58)<li>Novo saldo (0)</li></ul></div>', '2014-01-30 23:33:40', '2014-01-30 23:33:40', 68),
(110, 'ServicosController::fechamento', '<div class="list-log">30/01/2014 23:35:01<br>Saldo alterado: [Servicos::fechamento]<ul><li>Saldo atual (0.00)</li><li>Valor a contabilizar (-17)<li>Novo saldo (-17)</li></ul></div>', '2014-01-30 23:35:01', '2014-01-30 23:35:01', 66),
(111, 'PagamentosController::lancar', '<div class="list-log">30/01/2014 23:35:21<br>Saldo alterado: [Pagamentos::lancar]<ul><li>Saldo atual (-17.00)</li><li>Valor a contabilizar (17)<li>Novo saldo (0)</li></ul></div>', '2014-01-30 23:35:21', '2014-01-30 23:35:21', 66),
(112, 'ServicosController::fechamento', '<div class="list-log">30/01/2014 23:37:25<br>Saldo alterado: [Servicos::fechamento]<ul><li>Saldo atual (0.00)</li><li>Valor a contabilizar (-15)<li>Novo saldo (-15)</li></ul></div>', '2014-01-30 23:37:25', '2014-01-30 23:37:25', 40),
(113, 'ServicosController::fechamento', '<div class="list-log">30/01/2014 23:40:57<br>Saldo alterado: [Servicos::fechamento]<ul><li>Saldo atual (0.00)</li><li>Valor a contabilizar (-21)<li>Novo saldo (-21)</li></ul></div>', '2014-01-30 23:40:57', '2014-01-30 23:40:57', 75),
(114, 'PagamentosController::lancar', '<div class="list-log">30/01/2014 23:41:18<br>Saldo alterado: [Pagamentos::lancar]<ul><li>Saldo atual (-21.00)</li><li>Valor a contabilizar (21)<li>Novo saldo (0)</li></ul></div>', '2014-01-30 23:41:18', '2014-01-30 23:41:18', 75),
(115, 'ServicosController::fechamento', '<div class="list-log">30/01/2014 23:42:33<br>Saldo alterado: [Servicos::fechamento]<ul><li>Saldo atual (0.00)</li><li>Valor a contabilizar (-40)<li>Novo saldo (-40)</li></ul></div>', '2014-01-30 23:42:33', '2014-01-30 23:42:33', 65),
(116, 'PagamentosController::lancar', '<div class="list-log">30/01/2014 23:42:53<br>Saldo alterado: [Pagamentos::lancar]<ul><li>Saldo atual (-40.00)</li><li>Valor a contabilizar (40)<li>Novo saldo (0)</li></ul></div>', '2014-01-30 23:42:53', '2014-01-30 23:42:53', 65),
(117, 'ServicosController::fechamento', '<div class="list-log">30/01/2014 23:43:44<br>Saldo alterado: [Servicos::fechamento]<ul><li>Saldo atual (-45.00)</li><li>Valor a contabilizar (-51)<li>Novo saldo (-96)</li></ul></div>', '2014-01-30 23:43:44', '2014-01-30 23:43:44', 2),
(118, 'PagamentosController::lancar', '<div class="list-log">30/01/2014 23:44:06<br>Saldo alterado: [Pagamentos::lancar]<ul><li>Saldo atual (-96.00)</li><li>Valor a contabilizar (100)<li>Novo saldo (4)</li></ul></div>', '2014-01-30 23:44:06', '2014-01-30 23:44:06', 2),
(119, 'ServicosController::fechamento', '<div class="list-log">30/01/2014 23:44:53<br>Saldo alterado: [Servicos::fechamento]<ul><li>Saldo atual (0.00)</li><li>Valor a contabilizar (-22)<li>Novo saldo (-22)</li></ul></div>', '2014-01-30 23:44:53', '2014-01-30 23:44:53', 63),
(120, 'PagamentosController::lancar', '<div class="list-log">30/01/2014 23:45:15<br>Saldo alterado: [Pagamentos::lancar]<ul><li>Saldo atual (-22.00)</li><li>Valor a contabilizar (22)<li>Novo saldo (0)</li></ul></div>', '2014-01-30 23:45:15', '2014-01-30 23:45:15', 63),
(121, 'ServicosController::fechamento', '<div class="list-log">30/01/2014 23:46:18<br>Saldo alterado: [Servicos::fechamento]<ul><li>Saldo atual (0.00)</li><li>Valor a contabilizar (-26)<li>Novo saldo (-26)</li></ul></div>', '2014-01-30 23:46:18', '2014-01-30 23:46:18', 45),
(122, 'PagamentosController::lancar', '<div class="list-log">30/01/2014 23:46:44<br>Saldo alterado: [Pagamentos::lancar]<ul><li>Saldo atual (-26.00)</li><li>Valor a contabilizar (26)<li>Novo saldo (0)</li></ul></div>', '2014-01-30 23:46:44', '2014-01-30 23:46:44', 45),
(123, 'ServicosController::fechamento', '<div class="list-log">30/01/2014 23:48:36<br>Saldo alterado: [Servicos::fechamento]<ul><li>Saldo atual (0.00)</li><li>Valor a contabilizar (-12)<li>Novo saldo (-12)</li></ul></div>', '2014-01-30 23:48:36', '2014-01-30 23:48:36', 76),
(124, 'PagamentosController::lancar', '<div class="list-log">30/01/2014 23:49:26<br>Saldo alterado: [Pagamentos::lancar]<ul><li>Saldo atual (-12.00)</li><li>Valor a contabilizar (12)<li>Novo saldo (0)</li></ul></div>', '2014-01-30 23:49:26', '2014-01-30 23:49:26', 76),
(125, 'ServicosController::fechamento', '<div class="list-log">30/01/2014 23:49:56<br>Saldo alterado: [Servicos::fechamento]<ul><li>Saldo atual (0.00)</li><li>Valor a contabilizar (-60)<li>Novo saldo (-60)</li></ul></div>', '2014-01-30 23:49:56', '2014-01-30 23:49:56', 48),
(126, 'PagamentosController::lancar', '<div class="list-log">30/01/2014 23:50:20<br>Saldo alterado: [Pagamentos::lancar]<ul><li>Saldo atual (-60.00)</li><li>Valor a contabilizar (60)<li>Novo saldo (0)</li></ul></div>', '2014-01-30 23:50:20', '2014-01-30 23:50:20', 48),
(127, 'ServicosController::fechamento', '<div class="list-log">30/01/2014 23:50:52<br>Saldo alterado: [Servicos::fechamento]<ul><li>Saldo atual (0.00)</li><li>Valor a contabilizar (-32)<li>Novo saldo (-32)</li></ul></div>', '2014-01-30 23:50:52', '2014-01-30 23:50:52', 51),
(128, 'PagamentosController::lancar', '<div class="list-log">30/01/2014 23:51:12<br>Saldo alterado: [Pagamentos::lancar]<ul><li>Saldo atual (-32.00)</li><li>Valor a contabilizar (32)<li>Novo saldo (0)</li></ul></div>', '2014-01-30 23:51:12', '2014-01-30 23:51:12', 51),
(129, 'ServicosController::fechamento', '<div class="list-log">30/01/2014 23:52:44<br>Saldo alterado: [Servicos::fechamento]<ul><li>Saldo atual (0.00)</li><li>Valor a contabilizar (-58)<li>Novo saldo (-58)</li></ul></div>', '2014-01-30 23:52:44', '2014-01-30 23:52:44', 35),
(130, 'PagamentosController::lancar', '<div class="list-log">30/01/2014 23:53:09<br>Saldo alterado: [Pagamentos::lancar]<ul><li>Saldo atual (-58.00)</li><li>Valor a contabilizar (58)<li>Novo saldo (0)</li></ul></div>', '2014-01-30 23:53:09', '2014-01-30 23:53:09', 35),
(131, 'ServicosController::fechamento', '<div class="list-log">30/01/2014 23:53:42<br>Saldo alterado: [Servicos::fechamento]<ul><li>Saldo atual (100.00)</li><li>Valor a contabilizar (-25)<li>Novo saldo (75)</li></ul></div>', '2014-01-30 23:53:42', '2014-01-30 23:53:42', 27),
(132, 'ServicosController::fechamento', '<div class="list-log">30/01/2014 23:54:45<br>Saldo alterado: [Servicos::fechamento]<ul><li>Saldo atual (0.00)</li><li>Valor a contabilizar (-20)<li>Novo saldo (-20)</li></ul></div>', '2014-01-30 23:54:45', '2014-01-30 23:54:45', 37),
(133, 'PagamentosController::lancar', '<div class="list-log">30/01/2014 23:55:08<br>Saldo alterado: [Pagamentos::lancar]<ul><li>Saldo atual (-20.00)</li><li>Valor a contabilizar (20)<li>Novo saldo (0)</li></ul></div>', '2014-01-30 23:55:08', '2014-01-30 23:55:08', 37),
(134, 'ServicosController::fechamento', '<div class="list-log">30/01/2014 23:55:43<br>Saldo alterado: [Servicos::fechamento]<ul><li>Saldo atual (0.00)</li><li>Valor a contabilizar (-144)<li>Novo saldo (-144)</li></ul></div>', '2014-01-30 23:55:43', '2014-01-30 23:55:43', 74),
(135, 'PagamentosController::lancar', '<div class="list-log">30/01/2014 23:56:04<br>Saldo alterado: [Pagamentos::lancar]<ul><li>Saldo atual (-144.00)</li><li>Valor a contabilizar (144)<li>Novo saldo (0)</li></ul></div>', '2014-01-30 23:56:04', '2014-01-30 23:56:04', 74),
(136, 'ServicosController::fechamento', '<div class="list-log">31/01/2014 00:02:22<br>Saldo alterado: [Servicos::fechamento]<ul><li>Saldo atual (12.00)</li><li>Valor a contabilizar (-19)<li>Novo saldo (-7)</li></ul></div>', '2014-01-31 00:02:22', '2014-01-31 00:02:22', 6),
(137, 'ServicosController::fechamento', '<div class="list-log">03/02/2014 23:18:52<br>Saldo alterado: [Servicos::fechamento]<ul><li>Saldo atual (-15.00)</li><li>Valor a contabilizar (-105)<li>Novo saldo (-120)</li></ul></div>', '2014-02-03 23:18:52', '2014-02-03 23:18:52', 40),
(138, 'PagamentosController::lancar', '<div class="list-log">03/02/2014 23:19:13<br>Saldo alterado: [Pagamentos::lancar]<ul><li>Saldo atual (-120.00)</li><li>Valor a contabilizar (105)<li>Novo saldo (-15)</li></ul></div>', '2014-02-03 23:19:13', '2014-02-03 23:19:13', 40),
(139, 'ServicosController::fechamento', '<div class="list-log">03/02/2014 23:20:02<br>Saldo alterado: [Servicos::fechamento]<ul><li>Saldo atual (0.00)</li><li>Valor a contabilizar (-30)<li>Novo saldo (-30)</li></ul></div>', '2014-02-03 23:20:02', '2014-02-03 23:20:02', 64),
(140, 'PagamentosController::lancar', '<div class="list-log">03/02/2014 23:20:19<br>Saldo alterado: [Pagamentos::lancar]<ul><li>Saldo atual (-30.00)</li><li>Valor a contabilizar (30)<li>Novo saldo (0)</li></ul></div>', '2014-02-03 23:20:19', '2014-02-03 23:20:19', 64),
(141, 'PagamentosController::lancar', '<div class="list-log">03/02/2014 23:21:21<br>Saldo alterado: [Pagamentos::lancar]<ul><li>Saldo atual (-58.00)</li><li>Valor a contabilizar (30)<li>Novo saldo (-28)</li></ul></div>', '2014-02-03 23:21:21', '2014-02-03 23:21:21', 8),
(142, 'PagamentosController::lancar', '<div class="list-log">03/02/2014 23:23:25<br>Saldo alterado: [Pagamentos::lancar]<ul><li>Saldo atual (-28.00)</li><li>Valor a contabilizar (30)<li>Novo saldo (2)</li></ul></div>', '2014-02-03 23:23:25', '2014-02-03 23:23:25', 8),
(143, 'PagamentosController::lancar', '<div class="list-log">03/02/2014 23:24:44<br>Saldo alterado: [Pagamentos::lancar]<ul><li>Saldo atual (-15.00)</li><li>Valor a contabilizar (000)<li>Novo saldo (-15)</li></ul></div>', '2014-02-03 23:24:44', '2014-02-03 23:24:44', 40),
(144, 'ServicosController::fechamento', '<div class="list-log">03/02/2014 23:26:12<br>Saldo alterado: [Servicos::fechamento]<ul><li>Saldo atual (0.00)</li><li>Valor a contabilizar (-73)<li>Novo saldo (-73)</li></ul></div>', '2014-02-03 23:26:12', '2014-02-03 23:26:12', 14),
(145, 'PagamentosController::lancar', '<div class="list-log">03/02/2014 23:26:30<br>Saldo alterado: [Pagamentos::lancar]<ul><li>Saldo atual (-73.00)</li><li>Valor a contabilizar (73)<li>Novo saldo (0)</li></ul></div>', '2014-02-03 23:26:30', '2014-02-03 23:26:30', 14),
(146, 'PagamentosController::lancar', '<div class="list-log">03/02/2014 23:28:52<br>Saldo alterado: [Pagamentos::lancar]<ul><li>Saldo atual (-27.00)</li><li>Valor a contabilizar (20)<li>Novo saldo (-7)</li></ul></div>', '2014-02-03 23:28:52', '2014-02-03 23:28:52', 1),
(147, 'ServicosController::fechamento', '<div class="list-log">03/02/2014 23:30:07<br>Saldo alterado: [Servicos::fechamento]<ul><li>Saldo atual (-7.00)</li><li>Valor a contabilizar (-27)<li>Novo saldo (-34)</li></ul></div>', '2014-02-03 23:30:07', '2014-02-03 23:30:07', 1),
(148, 'PagamentosController::lancar', '<div class="list-log">03/02/2014 23:30:32<br>Saldo alterado: [Pagamentos::lancar]<ul><li>Saldo atual (-30.00)</li><li>Valor a contabilizar (30)<li>Novo saldo (0)</li></ul></div>', '2014-02-03 23:30:32', '2014-02-03 23:30:32', 38),
(149, 'PagamentosController::lancar', '<div class="list-log">03/02/2014 23:31:00<br>Saldo alterado: [Pagamentos::lancar]<ul><li>Saldo atual (-34.00)</li><li>Valor a contabilizar (27)<li>Novo saldo (-7)</li></ul></div>', '2014-02-03 23:31:00', '2014-02-03 23:31:00', 1),
(150, 'PagamentosController::lancar', '<div class="list-log">03/02/2014 23:34:17<br>Saldo alterado: [Pagamentos::lancar]<ul><li>Saldo atual (-7.00)</li><li>Valor a contabilizar (19)<li>Novo saldo (12)</li></ul></div>', '2014-02-03 23:34:17', '2014-02-03 23:34:17', 6),
(151, 'ServicosController::fechamento', '<div class="list-log">03/02/2014 23:35:46<br>Saldo alterado: [Servicos::fechamento]<ul><li>Saldo atual (12.00)</li><li>Valor a contabilizar (-15)<li>Novo saldo (-3)</li></ul></div>', '2014-02-03 23:35:46', '2014-02-03 23:35:46', 6),
(152, 'ServicosController::fechamento', '<div class="list-log">03/02/2014 23:37:33<br>Saldo alterado: [Servicos::fechamento]<ul><li>Saldo atual (0.00)</li><li>Valor a contabilizar (-39)<li>Novo saldo (-39)</li></ul></div>', '2014-02-03 23:37:33', '2014-02-03 23:37:33', 38),
(153, 'PagamentosController::lancar', '<div class="list-log">03/02/2014 23:37:54<br>Saldo alterado: [Pagamentos::lancar]<ul><li>Saldo atual (-39.00)</li><li>Valor a contabilizar (39)<li>Novo saldo (0)</li></ul></div>', '2014-02-03 23:37:54', '2014-02-03 23:37:54', 38),
(154, 'ServicosController::fechamento', '<div class="list-log">03/02/2014 23:39:15<br>Saldo alterado: [Servicos::fechamento]<ul><li>Saldo atual (0.00)</li><li>Valor a contabilizar (-12)<li>Novo saldo (-12)</li></ul></div>', '2014-02-03 23:39:15', '2014-02-03 23:39:15', 52),
(155, 'PagamentosController::lancar', '<div class="list-log">03/02/2014 23:39:37<br>Saldo alterado: [Pagamentos::lancar]<ul><li>Saldo atual (-12.00)</li><li>Valor a contabilizar (12)<li>Novo saldo (0)</li></ul></div>', '2014-02-03 23:39:37', '2014-02-03 23:39:37', 52),
(156, 'ServicosController::fechamento', '<div class="list-log">03/02/2014 23:39:59<br>Saldo alterado: [Servicos::fechamento]<ul><li>Saldo atual (0.00)</li><li>Valor a contabilizar (-118)<li>Novo saldo (-118)</li></ul></div>', '2014-02-03 23:39:59', '2014-02-03 23:39:59', 24),
(157, 'PagamentosController::lancar', '<div class="list-log">03/02/2014 23:40:16<br>Saldo alterado: [Pagamentos::lancar]<ul><li>Saldo atual (-118.00)</li><li>Valor a contabilizar (120)<li>Novo saldo (2)</li></ul></div>', '2014-02-03 23:40:16', '2014-02-03 23:40:16', 24),
(158, 'PagamentosController::lancar', '<div class="list-log">03/02/2014 23:41:15<br>Saldo alterado: [Pagamentos::lancar]<ul><li>Saldo atual (0.00)</li><li>Valor a contabilizar (35)<li>Novo saldo (35)</li></ul></div>', '2014-02-03 23:41:15', '2014-02-03 23:41:15', 65),
(159, 'ServicosController::fechamento', '<div class="list-log">03/02/2014 23:42:11<br>Saldo alterado: [Servicos::fechamento]<ul><li>Saldo atual (35.00)</li><li>Valor a contabilizar (-40)<li>Novo saldo (-5)</li></ul></div>', '2014-02-03 23:42:11', '2014-02-03 23:42:11', 65),
(160, 'PagamentosController::lancar', '<div class="list-log">03/02/2014 23:42:38<br>Saldo alterado: [Pagamentos::lancar]<ul><li>Saldo atual (-5.00)</li><li>Valor a contabilizar (40)<li>Novo saldo (35)</li></ul></div>', '2014-02-03 23:42:38', '2014-02-03 23:42:38', 65),
(161, 'PagamentosController::lancar', '<div class="list-log">03/02/2014 23:46:48<br>Saldo alterado: [Pagamentos::lancar]<ul><li>Saldo atual (4.00)</li><li>Valor a contabilizar (45)<li>Novo saldo (49)</li></ul></div>', '2014-02-03 23:46:48', '2014-02-03 23:46:48', 2),
(162, 'ClientesController::alterar_saldo', '<div class="list-log">03/02/2014 23:52:10<br>Saldo alterado: [Clientes::alterar_saldo]<ul><li>Saldo atual (35.00)</li><li>Valor a contabilizar (35)<li>Novo saldo (70)</li></ul></div>', '2014-02-03 23:52:10', '2014-02-03 23:52:10', 65),
(163, 'ClientesController::alterar_saldo', '<div class="list-log">03/02/2014 23:52:52<br>Saldo alterado: [Clientes::alterar_saldo]<ul><li>Saldo atual (-15.00)</li><li>Valor a contabilizar (15)<li>Novo saldo (0)</li></ul></div>', '2014-02-03 23:52:52', '2014-02-03 23:52:52', 40),
(164, 'ClientesController::alterar_saldo', '<div class="list-log">03/02/2014 23:53:47<br>Saldo alterado: [Clientes::alterar_saldo]<ul><li>Saldo atual (-7.00)</li><li>Valor a contabilizar (-20)<li>Novo saldo (-27)</li></ul></div>', '2014-02-03 23:53:47', '2014-02-03 23:53:47', 1),
(165, 'ClientesController::alterar_saldo', '<div class="list-log">03/02/2014 23:54:07<br>Saldo alterado: [Clientes::alterar_saldo]<ul><li>Saldo atual (-3.00)</li><li>Valor a contabilizar (-32)<li>Novo saldo (-35)</li></ul></div>', '2014-02-03 23:54:07', '2014-02-03 23:54:07', 6),
(166, 'ClientesController::alterar_saldo', '<div class="list-log">03/02/2014 23:55:20<br>Saldo alterado: [Clientes::alterar_saldo]<ul><li>Saldo atual (49.00)</li><li>Valor a contabilizar (-49)<li>Novo saldo (0)</li></ul></div>', '2014-02-03 23:55:20', '2014-02-03 23:55:20', 2),
(167, 'ClientesController::alterar_saldo', '<div class="list-log">03/02/2014 23:56:00<br>Saldo alterado: [Clientes::alterar_saldo]<ul><li>Saldo atual (70.00)</li><li>Valor a contabilizar (-70)<li>Novo saldo (0)</li></ul></div>', '2014-02-03 23:56:00', '2014-02-03 23:56:00', 65),
(168, 'ServicosController::fechamento', '<div class="list-log">12/02/2014 23:41:47<br>Saldo alterado: [Servicos::fechamento]<ul><li>Saldo atual (0.00)</li><li>Valor a contabilizar (-30)<li>Novo saldo (-30)</li></ul></div>', '2014-02-12 23:41:47', '2014-02-12 23:41:47', 77),
(169, 'PagamentosController::lancar', '<div class="list-log">12/02/2014 23:42:06<br>Saldo alterado: [Pagamentos::lancar]<ul><li>Saldo atual (-30.00)</li><li>Valor a contabilizar (30)<li>Novo saldo (0)</li></ul></div>', '2014-02-12 23:42:06', '2014-02-12 23:42:06', 77),
(170, 'ServicosController::fechamento', '<div class="list-log">12/02/2014 23:43:13<br>Saldo alterado: [Servicos::fechamento]<ul><li>Saldo atual (-35.00)</li><li>Valor a contabilizar (-9)<li>Novo saldo (-44)</li></ul></div>', '2014-02-12 23:43:13', '2014-02-12 23:43:13', 6),
(171, 'PagamentosController::lancar', '<div class="list-log">12/02/2014 23:43:38<br>Saldo alterado: [Pagamentos::lancar]<ul><li>Saldo atual (-44.00)</li><li>Valor a contabilizar (9)<li>Novo saldo (-35)</li></ul></div>', '2014-02-12 23:43:38', '2014-02-12 23:43:38', 6),
(172, 'ServicosController::fechamento', '<div class="list-log">12/02/2014 23:45:01<br>Saldo alterado: [Servicos::fechamento]<ul><li>Saldo atual (0.00)</li><li>Valor a contabilizar (-24)<li>Novo saldo (-24)</li></ul></div>', '2014-02-12 23:45:01', '2014-02-12 23:45:01', 57),
(173, 'PagamentosController::lancar', '<div class="list-log">12/02/2014 23:45:18<br>Saldo alterado: [Pagamentos::lancar]<ul><li>Saldo atual (-24.00)</li><li>Valor a contabilizar (24)<li>Novo saldo (0)</li></ul></div>', '2014-02-12 23:45:18', '2014-02-12 23:45:18', 57),
(174, 'ServicosController::fechamento', '<div class="list-log">12/02/2014 23:46:11<br>Saldo alterado: [Servicos::fechamento]<ul><li>Saldo atual (0.00)</li><li>Valor a contabilizar (-51)<li>Novo saldo (-51)</li></ul></div>', '2014-02-12 23:46:11', '2014-02-12 23:46:11', 10),
(175, 'PagamentosController::lancar', '<div class="list-log">12/02/2014 23:46:33<br>Saldo alterado: [Pagamentos::lancar]<ul><li>Saldo atual (-51.00)</li><li>Valor a contabilizar (51)<li>Novo saldo (0)</li></ul></div>', '2014-02-12 23:46:33', '2014-02-12 23:46:33', 10),
(176, 'ServicosController::fechamento', '<div class="list-log">12/02/2014 23:47:35<br>Saldo alterado: [Servicos::fechamento]<ul><li>Saldo atual (0.00)</li><li>Valor a contabilizar (-40)<li>Novo saldo (-40)</li></ul></div>', '2014-02-12 23:47:35', '2014-02-12 23:47:35', 21),
(177, 'PagamentosController::lancar', '<div class="list-log">12/02/2014 23:48:39<br>Saldo alterado: [Pagamentos::lancar]<ul><li>Saldo atual (-40.00)</li><li>Valor a contabilizar (40)<li>Novo saldo (0)</li></ul></div>', '2014-02-12 23:48:39', '2014-02-12 23:48:39', 21),
(178, 'ServicosController::fechamento', '<div class="list-log">12/02/2014 23:49:39<br>Saldo alterado: [Servicos::fechamento]<ul><li>Saldo atual (0.00)</li><li>Valor a contabilizar (-30)<li>Novo saldo (-30)</li></ul></div>', '2014-02-12 23:49:39', '2014-02-12 23:49:39', 63),
(179, 'PagamentosController::lancar', '<div class="list-log">12/02/2014 23:49:59<br>Saldo alterado: [Pagamentos::lancar]<ul><li>Saldo atual (-30.00)</li><li>Valor a contabilizar (30)<li>Novo saldo (0)</li></ul></div>', '2014-02-12 23:49:59', '2014-02-12 23:49:59', 63),
(180, 'ServicosController::fechamento', '<div class="list-log">12/02/2014 23:50:54<br>Saldo alterado: [Servicos::fechamento]<ul><li>Saldo atual (0.00)</li><li>Valor a contabilizar (-37)<li>Novo saldo (-37)</li></ul></div>', '2014-02-12 23:50:54', '2014-02-12 23:50:54', 23),
(181, 'PagamentosController::lancar', '<div class="list-log">12/02/2014 23:51:11<br>Saldo alterado: [Pagamentos::lancar]<ul><li>Saldo atual (-37.00)</li><li>Valor a contabilizar (37)<li>Novo saldo (0)</li></ul></div>', '2014-02-12 23:51:11', '2014-02-12 23:51:11', 23),
(182, 'ServicosController::fechamento', '<div class="list-log">12/02/2014 23:52:28<br>Saldo alterado: [Servicos::fechamento]<ul><li>Saldo atual (0.00)</li><li>Valor a contabilizar (-26)<li>Novo saldo (-26)</li></ul></div>', '2014-02-12 23:52:28', '2014-02-12 23:52:28', 28),
(183, 'PagamentosController::lancar', '<div class="list-log">12/02/2014 23:52:49<br>Saldo alterado: [Pagamentos::lancar]<ul><li>Saldo atual (-26.00)</li><li>Valor a contabilizar (26)<li>Novo saldo (0)</li></ul></div>', '2014-02-12 23:52:49', '2014-02-12 23:52:49', 28),
(184, 'ServicosController::fechamento', '<div class="list-log">12/02/2014 23:53:48<br>Saldo alterado: [Servicos::fechamento]<ul><li>Saldo atual (0.00)</li><li>Valor a contabilizar (-28)<li>Novo saldo (-28)</li></ul></div>', '2014-02-12 23:53:48', '2014-02-12 23:53:48', 71);
INSERT INTO `saldo_logs` (`id`, `tipo`, `log`, `created`, `modified`, `cliente_id`) VALUES
(185, 'PagamentosController::lancar', '<div class="list-log">12/02/2014 23:54:26<br>Saldo alterado: [Pagamentos::lancar]<ul><li>Saldo atual (-28.00)</li><li>Valor a contabilizar (28)<li>Novo saldo (0)</li></ul></div>', '2014-02-12 23:54:26', '2014-02-12 23:54:26', 71),
(186, 'ServicosController::fechamento', '<div class="list-log">12/02/2014 23:55:34<br>Saldo alterado: [Servicos::fechamento]<ul><li>Saldo atual (0.00)</li><li>Valor a contabilizar (-24)<li>Novo saldo (-24)</li></ul></div>', '2014-02-12 23:55:34', '2014-02-12 23:55:34', 67),
(187, 'PagamentosController::lancar', '<div class="list-log">12/02/2014 23:56:07<br>Saldo alterado: [Pagamentos::lancar]<ul><li>Saldo atual (-24.00)</li><li>Valor a contabilizar (24)<li>Novo saldo (0)</li></ul></div>', '2014-02-12 23:56:07', '2014-02-12 23:56:07', 67),
(188, 'ServicosController::fechamento', '<div class="list-log">13/02/2014 17:36:11<br>Saldo alterado: [Servicos::fechamento]<ul><li>Saldo atual (0.00)</li><li>Valor a contabilizar (-33)<li>Novo saldo (-33)</li></ul></div>', '2014-02-13 17:36:11', '2014-02-13 17:36:11', 78),
(189, 'PagamentosController::lancar', '<div class="list-log">13/02/2014 17:36:28<br>Saldo alterado: [Pagamentos::lancar]<ul><li>Saldo atual (-33.00)</li><li>Valor a contabilizar (33)<li>Novo saldo (0)</li></ul></div>', '2014-02-13 17:36:28', '2014-02-13 17:36:28', 78),
(190, 'ServicosController::fechamento', '<div class="list-log">13/02/2014 17:37:44<br>Saldo alterado: [Servicos::fechamento]<ul><li>Saldo atual (0.00)</li><li>Valor a contabilizar (-43)<li>Novo saldo (-43)</li></ul></div>', '2014-02-13 17:37:44', '2014-02-13 17:37:44', 35),
(191, 'PagamentosController::lancar', '<div class="list-log">13/02/2014 17:38:09<br>Saldo alterado: [Pagamentos::lancar]<ul><li>Saldo atual (-43.00)</li><li>Valor a contabilizar (43)<li>Novo saldo (0)</li></ul></div>', '2014-02-13 17:38:09', '2014-02-13 17:38:09', 35),
(192, 'ServicosController::fechamento', '<div class="list-log">13/02/2014 17:39:14<br>Saldo alterado: [Servicos::fechamento]<ul><li>Saldo atual (0.00)</li><li>Valor a contabilizar (-35)<li>Novo saldo (-35)</li></ul></div>', '2014-02-13 17:39:14', '2014-02-13 17:39:14', 65),
(193, 'PagamentosController::lancar', '<div class="list-log">13/02/2014 17:40:50<br>Saldo alterado: [Pagamentos::lancar]<ul><li>Saldo atual (-35.00)</li><li>Valor a contabilizar (35)<li>Novo saldo (0)</li></ul></div>', '2014-02-13 17:40:50', '2014-02-13 17:40:50', 65),
(194, 'ServicosController::fechamento', '<div class="list-log">13/02/2014 17:41:35<br>Saldo alterado: [Servicos::fechamento]<ul><li>Saldo atual (0.00)</li><li>Valor a contabilizar (-15)<li>Novo saldo (-15)</li></ul></div>', '2014-02-13 17:41:35', '2014-02-13 17:41:35', 65),
(195, 'PagamentosController::lancar', '<div class="list-log">13/02/2014 17:41:50<br>Saldo alterado: [Pagamentos::lancar]<ul><li>Saldo atual (-15.00)</li><li>Valor a contabilizar (15)<li>Novo saldo (0)</li></ul></div>', '2014-02-13 17:41:50', '2014-02-13 17:41:50', 65),
(196, 'ServicosController::fechamento', '<div class="list-log">13/02/2014 17:43:36<br>Saldo alterado: [Servicos::fechamento]<ul><li>Saldo atual (0.00)</li><li>Valor a contabilizar (-65)<li>Novo saldo (-65)</li></ul></div>', '2014-02-13 17:43:36', '2014-02-13 17:43:36', 9),
(197, 'PagamentosController::lancar', '<div class="list-log">13/02/2014 17:43:53<br>Saldo alterado: [Pagamentos::lancar]<ul><li>Saldo atual (-65.00)</li><li>Valor a contabilizar (65)<li>Novo saldo (0)</li></ul></div>', '2014-02-13 17:43:53', '2014-02-13 17:43:53', 9),
(198, 'ServicosController::fechamento', '<div class="list-log">13/02/2014 17:44:40<br>Saldo alterado: [Servicos::fechamento]<ul><li>Saldo atual (0.00)</li><li>Valor a contabilizar (-35)<li>Novo saldo (-35)</li></ul></div>', '2014-02-13 17:44:40', '2014-02-13 17:44:40', 2),
(199, 'PagamentosController::lancar', '<div class="list-log">13/02/2014 17:45:01<br>Saldo alterado: [Pagamentos::lancar]<ul><li>Saldo atual (-35.00)</li><li>Valor a contabilizar (35)<li>Novo saldo (0)</li></ul></div>', '2014-02-13 17:45:01', '2014-02-13 17:45:01', 2),
(200, 'ServicosController::fechamento', '<div class="list-log">13/02/2014 17:45:54<br>Saldo alterado: [Servicos::fechamento]<ul><li>Saldo atual (0.00)</li><li>Valor a contabilizar (-25)<li>Novo saldo (-25)</li></ul></div>', '2014-02-13 17:45:54', '2014-02-13 17:45:54', 18),
(201, 'PagamentosController::lancar', '<div class="list-log">13/02/2014 17:46:17<br>Saldo alterado: [Pagamentos::lancar]<ul><li>Saldo atual (-25.00)</li><li>Valor a contabilizar (25)<li>Novo saldo (0)</li></ul></div>', '2014-02-13 17:46:17', '2014-02-13 17:46:17', 18);

-- --------------------------------------------------------

--
-- Estrutura da tabela `servicos`
--

CREATE TABLE IF NOT EXISTS `servicos` (
  `id` int(11) NOT NULL AUTO_INCREMENT,
  `data_abertura` date NOT NULL,
  `data_fechamento` date DEFAULT NULL,
  `valor` decimal(10,2) NOT NULL DEFAULT '0.00',
  `cliente_id` int(11) NOT NULL,
  `comentarios` text,
  PRIMARY KEY (`id`),
  KEY `cliente_id` (`cliente_id`)
) ENGINE=InnoDB  DEFAULT CHARSET=utf8 AUTO_INCREMENT=139 ;

--
-- Extraindo dados da tabela `servicos`
--

INSERT INTO `servicos` (`id`, `data_abertura`, `data_fechamento`, `valor`, `cliente_id`, `comentarios`) VALUES
(1, '2013-12-27', '2014-01-02', '57.00', 33, ''),
(2, '2013-12-27', '2014-01-02', '17.00', 34, ''),
(3, '2013-12-27', '2014-01-02', '27.00', 20, ''),
(4, '2013-12-26', '2014-01-02', '26.00', 29, ''),
(5, '2013-12-23', '2014-01-03', '22.00', 45, ''),
(6, '2014-01-02', '2014-01-06', '108.00', 8, ''),
(7, '2014-01-06', '2014-01-10', '48.00', 6, ''),
(8, '2014-01-02', '2014-01-09', '25.00', 1, ''),
(9, '2014-01-02', '2014-01-06', '110.00', 59, ''),
(10, '2014-01-02', '2014-01-06', '59.00', 10, ''),
(11, '2014-01-02', '2014-01-06', '65.00', 60, ''),
(12, '2014-01-02', '2014-01-06', '41.00', 57, ''),
(13, '2014-01-02', '2014-01-06', '35.00', 9, ''),
(14, '2014-01-02', '2014-01-03', '90.00', 33, ''),
(15, '2014-01-06', '2014-01-07', '65.00', 36, ''),
(16, '2014-01-02', '2014-01-08', '28.00', 40, ''),
(17, '2014-01-06', '2014-01-07', '100.00', 35, ''),
(18, '2014-01-06', '2014-01-10', '60.00', 48, ''),
(19, '2014-01-06', '2014-01-10', '35.00', 21, ''),
(20, '2014-01-04', '2014-01-08', '21.00', 28, ''),
(21, '2014-01-06', '2014-01-08', '42.00', 61, ''),
(22, '2014-01-06', '2014-01-09', '40.00', 23, ''),
(23, '2014-01-02', '2014-01-10', '110.00', 24, ''),
(24, '2014-01-04', '2014-01-07', '50.00', 39, ''),
(25, '2014-01-06', '2014-01-07', '33.00', 18, ''),
(26, '2014-01-03', '2014-01-09', '50.00', 50, ''),
(27, '2014-01-06', '2014-01-11', '15.00', 26, ''),
(28, '2014-01-06', '2014-01-08', '32.00', 62, ''),
(29, '2014-01-06', '2014-01-09', '55.00', 63, ''),
(30, '2014-01-02', '2014-01-07', '0.00', 27, ''),
(31, '2014-01-07', '2014-01-10', '25.00', 27, ''),
(32, '2014-01-07', '2014-01-10', '31.00', 3, ''),
(33, '2014-01-02', '2014-01-07', '11.00', 34, ''),
(34, '2014-01-07', '2014-01-10', '25.00', 64, ''),
(35, '2014-01-07', '2014-01-08', '50.00', 65, ''),
(36, '2014-01-08', '2014-01-13', '28.00', 40, ''),
(37, '2014-01-08', '2014-01-10', '30.00', 38, ''),
(38, '2014-01-08', '2014-01-10', '18.00', 28, ''),
(39, '2014-01-08', '2014-01-11', '36.00', 66, ''),
(40, '2014-01-06', '2014-01-09', '15.00', 67, ''),
(41, '2014-01-09', '2014-01-11', '30.00', 8, ''),
(42, '2014-01-09', '2014-01-14', '17.00', 22, ''),
(43, '2014-01-10', '2014-01-13', '35.00', 30, ''),
(44, '2014-01-10', '2014-01-14', '34.00', 21, ''),
(45, '2014-01-13', '2014-01-14', '52.00', 35, ''),
(46, '2014-01-13', '2014-01-14', '50.00', 37, ''),
(47, '2014-01-13', '2014-01-14', '22.00', 17, ''),
(48, '2014-01-14', '2014-01-15', '35.00', 65, ''),
(49, '2014-01-14', '2014-01-16', '25.00', 27, ''),
(50, '2014-01-14', '2014-01-17', '20.00', 6, ''),
(51, '2014-01-13', '2014-01-17', '27.00', 57, ''),
(52, '2014-01-14', '2014-01-18', '110.00', 24, ''),
(53, '2014-01-14', '2014-01-17', '32.00', 40, ''),
(54, '2014-01-13', '2014-01-16', '20.00', 1, ''),
(55, '2014-01-14', '2014-01-16', '140.00', 68, ''),
(56, '2014-01-14', '2014-01-16', '41.00', 69, ''),
(57, '2014-01-14', '2014-01-16', '95.00', 15, ''),
(58, '2014-01-13', '2014-01-15', '41.00', 10, ''),
(59, '2014-01-13', '2014-01-15', '82.00', 16, ''),
(60, '2014-01-15', '2014-01-21', '45.00', 2, ''),
(61, '2014-01-15', '2014-01-17', '14.00', 42, ''),
(62, '2014-01-15', '2014-01-17', '28.00', 29, ''),
(63, '2014-01-15', '2014-01-17', '45.00', 54, ''),
(64, '2014-01-15', '2014-01-20', '47.00', 43, ''),
(65, '2014-01-14', '2014-01-16', '40.00', 13, ''),
(66, '2014-01-15', '2014-01-21', '33.00', 31, ''),
(67, '2014-01-15', '2014-01-20', '72.00', 20, ''),
(68, '2014-01-15', '2014-01-21', '55.00', 70, ''),
(69, '2014-01-16', '2014-01-21', '40.00', 21, ''),
(70, '2014-01-16', '2014-01-21', '20.00', 67, ''),
(71, '2014-01-16', '2014-01-23', '45.00', 1, ''),
(72, '2014-01-14', '2014-01-17', '26.00', 63, ''),
(73, '2014-01-14', '2014-01-17', '32.00', 71, ''),
(74, '2014-01-20', '2014-01-22', '68.00', 33, ''),
(75, '2014-01-20', '2014-01-21', '55.00', 36, ''),
(76, '2014-01-20', '2014-01-23', '43.00', 23, ''),
(77, '2014-01-20', '2014-01-24', '47.00', 26, ''),
(78, '2014-01-20', '2014-01-24', '29.00', 57, ''),
(79, '2014-01-18', '2014-01-23', '30.00', 28, ''),
(80, '2014-01-20', '2014-01-21', '44.00', 29, ''),
(81, '2014-01-20', '2014-01-21', '50.00', 35, ''),
(82, '2014-01-20', '2014-01-24', '153.00', 68, ''),
(83, '2014-01-20', '2014-01-24', '26.00', 45, ''),
(84, '2014-01-18', '2014-01-23', '43.00', 72, ''),
(85, '2014-01-18', '2014-01-22', '40.00', 50, ''),
(86, '2014-01-21', '2014-01-24', '28.00', 8, ''),
(87, '2014-01-21', '2014-01-22', '40.00', 65, ''),
(88, '2014-01-21', '2014-01-25', '19.00', 6, ''),
(89, '2014-01-21', '2014-01-24', '25.00', 27, ''),
(90, '2014-01-21', '2014-01-23', '28.00', 18, ''),
(91, '2014-01-21', '2014-01-25', '32.00', 51, ''),
(92, '2014-01-21', '2014-01-24', '21.00', 11, ''),
(93, '2014-01-20', '2014-01-24', '35.00', 62, ''),
(94, '2014-01-22', '2014-01-24', '90.00', 40, ''),
(95, '2014-01-24', '2014-01-29', '15.00', 40, ''),
(96, '2014-01-22', '2014-01-31', '12.00', 52, ''),
(97, '2014-01-23', '2014-01-30', '27.00', 1, ''),
(98, '2014-01-23', '2014-01-31', '118.00', 24, ''),
(99, '2014-01-22', '2014-01-28', '60.00', 48, ''),
(100, '2014-01-24', '2014-01-30', '58.00', 68, ''),
(101, '2014-01-23', '2014-01-28', '51.00', 2, ''),
(102, '2014-01-23', '2014-01-28', '22.00', 63, ''),
(104, '2014-01-23', '2014-01-27', '144.00', 74, ''),
(105, '2014-01-27', '2014-01-30', '94.00', 16, ''),
(106, '2014-01-25', '2014-01-30', '15.00', 28, ''),
(107, '2014-01-25', '2014-01-30', '64.00', 4, ''),
(108, '2014-01-25', '2014-01-30', '45.00', 50, ''),
(109, '2014-01-24', '2014-01-29', '17.00', 66, ''),
(110, '2014-01-25', '2014-01-29', '21.00', 75, ''),
(111, '2014-01-27', '2014-01-29', '40.00', 65, ''),
(112, '2014-01-25', '2014-01-29', '12.00', 76, ''),
(113, '2014-01-27', '2014-01-28', '58.00', 35, ''),
(114, '2014-01-27', '2014-01-28', '20.00', 37, ''),
(115, '2014-01-27', '2014-01-31', '105.00', 40, ''),
(116, '2014-01-27', '2014-01-31', '30.00', 64, ''),
(117, '2014-01-27', '2014-01-31', '73.00', 14, ''),
(118, '2014-01-27', '2014-01-30', '27.00', 1, ''),
(119, '2014-02-25', '2014-01-31', '15.00', 6, ''),
(120, '2014-01-27', '2014-01-31', '39.00', 38, ''),
(121, '2014-01-21', '2014-01-27', '40.00', 65, ''),
(122, '2014-02-01', '2014-02-01', '30.00', 77, ''),
(123, '2014-02-01', '2014-02-03', '9.00', 6, ''),
(124, '2014-02-01', '2014-02-03', '24.00', 57, ''),
(125, '2014-02-01', '2014-02-03', '51.00', 10, ''),
(126, '2014-02-01', '2014-02-03', '40.00', 21, ''),
(127, '2014-02-01', '2014-02-03', '30.00', 63, ''),
(128, '2014-02-01', '2014-02-03', '37.00', 23, ''),
(129, '2014-02-01', '2014-02-03', '26.00', 28, ''),
(130, '2014-02-01', '2014-02-03', '28.00', 71, ''),
(131, '2014-02-01', '2014-02-03', '24.00', 67, ''),
(132, '2014-02-01', '2014-02-04', '33.00', 78, ''),
(133, '2014-02-03', '2014-02-04', '43.00', 35, ''),
(134, '2014-02-04', '2014-02-05', '35.00', 65, ''),
(135, '2014-02-04', '2014-02-05', '15.00', 65, ''),
(136, '2014-02-01', '2014-02-05', '65.00', 9, ''),
(137, '2014-02-03', '2014-02-05', '35.00', 2, ''),
(138, '2014-02-03', '2014-02-05', '25.00', 18, '');

--
-- Constraints for dumped tables
--

--
-- Limitadores para a tabela `pagamentos`
--
ALTER TABLE `pagamentos`
  ADD CONSTRAINT `pagamentos_ibfk_1` FOREIGN KEY (`servico_id`) REFERENCES `servicos` (`id`) ON UPDATE CASCADE;

--
-- Limitadores para a tabela `saldo_logs`
--
ALTER TABLE `saldo_logs`
  ADD CONSTRAINT `saldo_logs_ibfk_1` FOREIGN KEY (`cliente_id`) REFERENCES `clientes` (`id`) ON UPDATE CASCADE;

--
-- Limitadores para a tabela `servicos`
--
ALTER TABLE `servicos`
  ADD CONSTRAINT `servicos_ibfk_1` FOREIGN KEY (`cliente_id`) REFERENCES `clientes` (`id`) ON UPDATE CASCADE;

/*!40101 SET CHARACTER_SET_CLIENT=@OLD_CHARACTER_SET_CLIENT */;
/*!40101 SET CHARACTER_SET_RESULTS=@OLD_CHARACTER_SET_RESULTS */;
/*!40101 SET COLLATION_CONNECTION=@OLD_COLLATION_CONNECTION */;
